name,label,isSeed,seedRank,linksSeed,publishedAtUnix,publishedAtSQL,channelTitle,channelId,videoCategoryLabel,defaultLanguage,defaultAudioLanguage,viewCount,likeCount,dislikeCount,dislikeLikeRatio,favoriteCount,commentCount,thumb,language
8mXosTkwtYs,Should I Be Afraid of BPA?,yes,1,yes,1484085600,2017-01-10 22:01:00,SciShow,UCZYTClx2T1of7BRZ86-8fow,Education,en,en,347694,9194,,,0,551,https://i.ytimg.com/vi/8mXosTkwtYs/mqdefault.jpg,EN
SRDUQWJgnn0,BPA Free Plastic: Why It Does NOT Protect You | Harvard Professor Joseph Allen,yes,2,yes,1611417074,2021-01-23 15:01:14,MedCram Clips,UCsR06Qx_cG-gZudSJZUkDnw,People & Blogs,en,en,17517,509,,,0,87,https://i.ytimg.com/vi/SRDUQWJgnn0/mqdefault.jpg,EN
HAb5Oe18XHs,What Is Bisphenol A (BPA) & How To Reduce Exposure To It? ‚Äì Dr.Berg,yes,3,yes,1557144003,2019-05-06 12:05:03,Dr. Eric Berg DC,UC3w193M5tYPJqF0Hi-7U-2g,Education,en,en,70565,3250,,,0,212,https://i.ytimg.com/vi/HAb5Oe18XHs/mqdefault.jpg,EN
2_6R0fhGtHQ,The Dangerous Chemicals In Your Plastic Packages,yes,4,yes,1550268000,2019-02-15 22:02:00,Insider Science,UC9uD-W5zQHQuAVT2GdcLCvg,Science & Technology,,en,127278,3140,,,0,284,https://i.ytimg.com/vi/2_6R0fhGtHQ/mqdefault.jpg,EN
n3l0GeHs4Nc,What is BPA?,yes,5,yes,1376083443,2013-08-09 21:08:03,Facts About BPA,UC3cDTf63F-0AlR7K8yf3plA,People & Blogs,,,56288,,,,0,,https://i.ytimg.com/vi/n3l0GeHs4Nc/mqdefault.jpg,EN
BIvHrC_mS_M,Food Plastics = Estrogens in Your Body,yes,6,yes,1569866402,2019-09-30 18:09:02,Adam Ragusea,UC9_p50tH3WmMslWRWKnM7dQ,Howto & Style,en,en-US,484485,24983,,,0,3088,https://i.ytimg.com/vi/BIvHrC_mS_M/mqdefault.jpg,EN
aj49G9b6xws,The Drastic Life Changes That Come with Living BPA-Free,yes,7,yes,1417755603,2014-12-05 05:12:03,Smithsonian Channel,UCWqPRUsJlZaDp-PVbqEch9g,Entertainment,,,10327,160,,,0,11,https://i.ytimg.com/vi/aj49G9b6xws/mqdefault.jpg,EN
tjhzI_Pc2jk,How to Detox Microplastics From Your Body (BPA  Metals  Pesticides  Xenoestrogens etc),yes,8,yes,1667485585,2022-11-03 14:11:25,Siim Land,UCAohrrjG-3gEp5QF1WlM9_w,Education,,en,12233,805,,,0,96,https://i.ytimg.com/vi/tjhzI_Pc2jk/mqdefault.jpg,EN
VwzC03wlcLU,5 Hidden Sources Of BPA To Avoid: Should You Go BPA Free?,yes,10,yes,1568295715,2019-09-12 13:09:55,Christopher Walker,UCTA1AuuXSVk0u2iXKHe2S3g,Education,,en,12730,653,,,0,91,https://i.ytimg.com/vi/VwzC03wlcLU/mqdefault.jpg,EN
-p713bmVB90,Are Your Receipts Harming You? How to Avoid BPA #bpa #thermal #chemicals #healthylifestyle,yes,11,yes,1653753600,2022-05-28 16:05:00,Dr. Ryan Shelton,UCobm38C7IV6DnxypPcTeMhQ,Education,en,en,3944,215,,,0,,https://i.ytimg.com/vi/-p713bmVB90/mqdefault.jpg,EN
6p2bT8qi5Zc,What is BPA Plastic Additive | Is BPA Safe? Why is it used in Baby Bottles!,yes,14,yes,1654308211,2022-06-04 02:06:31,Plascon Plastics,UClJAMn3Pmd1ja3sDF9M-Ssg,People & Blogs,,,2032,58,,,0,7,https://i.ytimg.com/vi/6p2bT8qi5Zc/mqdefault.jpg,EN
tEfLl3HFddY,BPA and health risks - what does the latest science show?,yes,15,yes,1391444518,2014-02-03 16:02:58,Risk Bites,UC8cxoTk9M0HdZB3gyJNjEtw,Science & Technology,,en-US,61033,454,,,0,66,https://i.ytimg.com/vi/tEfLl3HFddY/mqdefault.jpg,EN
tS9NpmU6PHs,Why BPA Hasn‚Äôt Been Banned,yes,16,yes,1479128746,2016-11-14 13:11:46,NutritionFacts.org,UCddn8dUxYdgJz3Qr5mjADtA,Science & Technology,,en,100048,2343,,,0,234,https://i.ytimg.com/vi/tS9NpmU6PHs/mqdefault.jpg,EN
-InXsA4ZmQY,A VERDADE sobre VASILHA DE PL√ÅSTICO SEM BPA (BPA Free),yes,17,yes,1683577800,2023-05-08 20:05:00,Ol√°  Ci√™ncia!,UCrSM1UV_KLAdTzgxyxl3POw,Education,pt,pt,34429,4191,,,0,35,https://i.ytimg.com/vi/-InXsA4ZmQY/mqdefault.jpg,EN
PJEgiAKpA5A,BPA in food cans,yes,18,yes,1459379499,2016-03-30 23:03:39,CBC News,UCuFFtHWoLl5fauMMD5Ww2jA,Howto & Style,,en-GB,11795,151,,,0,13,https://i.ytimg.com/vi/PJEgiAKpA5A/mqdefault.jpg,EN
8QuvTjLZaXs,Forever Chemicals PFAS  PFOA  PFOS  BPA  Explained Clearly,yes,19,no,1655909720,2022-06-22 14:06:20,MedCram - Medical Lectures Explained CLEARLY,UCG-iSMVtWbbwDDXgXXypARQ,Education,en,en-US,76376,2910,,,0,279,https://i.ytimg.com/vi/8QuvTjLZaXs/mqdefault.jpg,EN
JtLQd8FTuf4,BPA 2022 2023 Promotional Video,yes,20,no,1663874372,2022-09-22 19:09:32,Business Professionals of America (BPA),UC7jjfxaWokk4PDwQdDnSGoA,Nonprofits & Activism,,,2472,25,,,0,5,https://i.ytimg.com/vi/JtLQd8FTuf4/mqdefault.jpg,EN
KIBsIQu0zNo,How to Avoid the Obesity-Related Plastic Chemical BPA,yes,21,yes,1470657309,2016-08-08 11:08:09,NutritionFacts.org,UCddn8dUxYdgJz3Qr5mjADtA,Science & Technology,,en,74974,1361,,,0,116,https://i.ytimg.com/vi/KIBsIQu0zNo/mqdefault.jpg,EN
IdLQxBZT3hI,What Does  BPA Free  Really Mean?,yes,23,yes,1627984790,2021-08-03 09:08:50,SGS,UC54a9cm8f7g6icaWTyRiwww,Science & Technology,,en,3140,14,,,0,0,https://i.ytimg.com/vi/IdLQxBZT3hI/mqdefault.jpg,EN
VnX4BMuYwjc,BPA free?? #buyingfacts #buyingfactstamil #shorts #reels,yes,24,no,1669383009,2022-11-25 13:11:09,Buying Facts,UCKLXFXgvJ665OFySSDbbRaw,People & Blogs,,,77950,6075,,,0,33,https://i.ytimg.com/vi/VnX4BMuYwjc/mqdefault.jpg,EN
kaDYlPjidms,Is BPA (bisphenol A) toxic? A Physician Weighs In.,yes,26,yes,1597854576,2020-08-19 16:08:36,F. Perry Wilson  MD,UCu4OHd94MHqjlMp_Mgks84w,Science & Technology,en,en,4552,127,,,0,16,https://i.ytimg.com/vi/kaDYlPjidms/mqdefault.jpg,EN
aXsotiCmqbo,Dr. Joe on bisphenol A,yes,27,yes,1582216039,2020-02-20 16:02:19,Montreal Gazette,UCiiiXY1ue6nb7iqY8o8f62w,Science & Technology,en-CA,en-CA,13793,127,,,0,10,https://i.ytimg.com/vi/aXsotiCmqbo/mqdefault.jpg,EN
KXFu59ew3_c,The Research is Scary About Plastic Bottles | Why I Choose BPA free #shorts #bpafree,yes,28,yes,1663310475,2022-09-16 06:09:15,DrMichaelVan,UC5c8dET53MKrY5ko9nHR8zg,Howto & Style,,en,5242,228,,,0,16,https://i.ytimg.com/vi/KXFu59ew3_c/mqdefault.jpg,EN
OEzNjSOwF04,Scientists attempt to replace the ubiquitous chemical BPA in food and drink cans,yes,29,yes,1580766530,2020-02-03 21:02:50,Science Magazine,UCv0aU2eKry3kdSTnFa8QAWA,Science & Technology,,en-US,13864,205,,,0,19,https://i.ytimg.com/vi/OEzNjSOwF04/mqdefault.jpg,EN
f5d0Isu4I34,Drinking From Plastic (BPA) BOOSTS Testosterone Levels In Blood?,yes,30,yes,1678732916,2023-03-13 18:03:56,Boost Your Biology,UC4O8s5Eir3A0ULQ-0HOJr8Q,Science & Technology,,en,6056,286,,,0,51,https://i.ytimg.com/vi/f5d0Isu4I34/mqdefault.jpg,EN
_ut14OrPSuc,BPA found in food cans  study finds,yes,32,yes,1460378152,2016-04-11 12:04:52,CBS Mornings,UC-SJ6nODDmufqBzPBwCvYvQ,News & Politics,,,1805,23,,,0,5,https://i.ytimg.com/vi/_ut14OrPSuc/mqdefault.jpg,EN
219JRH3dEwg,What is Bisphenol-A (or BPA)  and where is it used?,yes,33,yes,1354462617,2012-12-02 15:12:57,Risk Bites,UC8cxoTk9M0HdZB3gyJNjEtw,Science & Technology,,,34091,219,,,0,13,https://i.ytimg.com/vi/219JRH3dEwg/mqdefault.jpg,EN
QuMGc0EswTc,Are the BPA-Free Alternatives Safe?,yes,36,yes,1491998607,2017-04-12 12:04:27,NutritionFacts.org,UCddn8dUxYdgJz3Qr5mjADtA,Science & Technology,,en,47358,1128,,,0,115,https://i.ytimg.com/vi/QuMGc0EswTc/mqdefault.jpg,EN
N6-RVw_qjhc,What Preppers Need to Know About BPA in Canned Foods,yes,38,yes,1654318119,2022-06-04 04:06:39,Emergency Survival Tips,UCAkIk9IOjF8y4r-SWqgNSPw,Science & Technology,,,1138,72,,,0,17,https://i.ytimg.com/vi/N6-RVw_qjhc/mqdefault.jpg,EN
pIqt1QdoVl4,What is BPA?,yes,39,yes,1225817320,2008-11-04 16:11:40,Children s Mercy Kansas City,UCGRnlf-yBeOMBpGauFnP43A,Education,,,8133,54,,,0,8,https://i.ytimg.com/vi/pIqt1QdoVl4/mqdefault.jpg,EN
7RQ0DSvo1P8,BPA in Food Containers: What You Need to Know,yes,41,yes,1427285258,2015-03-25 12:03:38,ELLICSR Kitchen,UCh98IRmyImr5HbCG5_q94Tg,Education,,en,54871,610,,,0,41,https://i.ytimg.com/vi/7RQ0DSvo1P8/mqdefault.jpg,EN
vt-JyOrsBLY,BPA Plastic and Male Sexual Dysfunction,yes,47,yes,1351164811,2012-10-25 11:10:31,NutritionFacts.org,UCddn8dUxYdgJz3Qr5mjADtA,Science & Technology,,en-US,26438,148,,,0,19,https://i.ytimg.com/vi/vt-JyOrsBLY/mqdefault.jpg,EN
DcwfZjJy7ss,Fica a Dica - Bisfenol A ou BPA,yes,48,no,1494364455,2017-05-09 21:05:15,FICA A DICA com Raphaella Cordeiro,UCbcFMORvaa7ZFT-YYuo0Fww,People & Blogs,,pt,21905,1278,,,0,0,https://i.ytimg.com/vi/DcwfZjJy7ss/mqdefault.jpg,EN
DgYS4tnQ5MQ,Study finds more dangers from BPA,yes,49,yes,1357770135,2013-01-09 22:01:15,CBS News,UC8p1vwvWtl6T73JiExfWs1g,News & Politics,,,615,11,,,0,1,https://i.ytimg.com/vi/DgYS4tnQ5MQ/mqdefault.jpg,EN
97SeVkU_BDw,How do scientists measure if plastic containers are BPA-free? | Behind the Science,yes,50,yes,1529863504,2018-06-24 18:06:04,Behind the Science,UC2r_9AIg5HIg3iWl5zxQXhg,Science & Technology,,en,25160,55,,,0,11,https://i.ytimg.com/vi/97SeVkU_BDw/mqdefault.jpg,EN
LtS9zITEE4A,Brevet parachutisme le BPA !,yes,1,no,1611478806,2021-01-24 09:01:06,Mister TLM tv,UC4mekbAJ0mwGBXGw7oM8Z6Q,People & Blogs,,,7756,188,,,0,47,https://i.ytimg.com/vi/LtS9zITEE4A/mqdefault.jpg,FR
DcPCACBwLS0,üíéC est la saison des r√©sultats financiers - BPA (b√©n√©fice par action) explication,yes,2,yes,1617560613,2021-04-04 18:04:33,La√´titia B.,UCDZuGtkluIY-unllzBFqG0A,People & Blogs,,,2289,,,,0,18,https://i.ytimg.com/vi/DcPCACBwLS0/mqdefault.jpg,FR
lDbP27h2LD8,Les Dangers du BPA - C est Notre Affaire - sans-bpa.com,yes,3,yes,1458048417,2016-03-15 13:03:57,sansbpa,UC0vf9bH07yAiJfFHowuTPSQ,Howto & Style,,,3671,46,,,0,4,https://i.ytimg.com/vi/lDbP27h2LD8/mqdefault.jpg,FR
x6Thzs8Z7Q8,B√©n√©fices et BPA,yes,4,yes,1657292442,2022-07-08 15:07:42,KhanAcademyFrancophone,UCxJOha9_0qZHuGf1d4imhyQ,Education,,fr,277,5,,,0,0,https://i.ytimg.com/vi/x6Thzs8Z7Q8/mqdefault.jpg,FR
8mXosTkwtYs,Should I Be Afraid of BPA?,yes,5,yes,1484085600,2017-01-10 22:01:00,SciShow,UCZYTClx2T1of7BRZ86-8fow,Education,en,en,347694,9194,,,0,551,https://i.ytimg.com/vi/8mXosTkwtYs/mqdefault.jpg,FR
e8oCWgKIVWc,L outil de r√©glage de tension de cha√Æne r√©volutionnaire moto BPA RACING !,yes,6,yes,1618516968,2021-04-15 20:04:48,BPA-Racing-France,UCvpL8vFqnEdBKakMogwXJFg,Autos & Vehicles,,fr,6136,28,,,0,1,https://i.ytimg.com/vi/e8oCWgKIVWc/mqdefault.jpg,FR
q69NyNCs6sg,Test outillage verification tension chaine BPA Racing,yes,7,yes,1638216396,2021-11-29 20:11:36,KAMAIL WORKSHOP,UC8KHXle7GvsWC_5r8EC8IJA,Film & Animation,fr,,5153,177,,,0,47,https://i.ytimg.com/vi/q69NyNCs6sg/mqdefault.jpg,FR
n3l0GeHs4Nc,What is BPA?,yes,8,yes,1376083443,2013-08-09 21:08:03,Facts About BPA,UC3cDTf63F-0AlR7K8yf3plA,People & Blogs,,,56288,,,,0,,https://i.ytimg.com/vi/n3l0GeHs4Nc/mqdefault.jpg,FR
2ml2Zn4TI8M,BNA  BPA  BNPA - B√©n√©fice Net par Action,yes,10,yes,1572771600,2019-11-03 09:11:00,Brigade Du Fric,UC4z0HFDk7tfdERJdBGLLvpg,People & Blogs,,fr,7992,221,,,0,37,https://i.ytimg.com/vi/2ml2Zn4TI8M/mqdefault.jpg,FR
wPJqC5VoRDg,T√©moignage de Maxime en BPA Travaux des Am√©nagements,yes,11,yes,1587964930,2020-04-27 05:04:10,Eplefpa de Courcelles-Chaussy,UCZpqGH8UFhWIelr1lwHsQ-A,People & Blogs,,,255,5,,,0,0,https://i.ytimg.com/vi/wPJqC5VoRDg/mqdefault.jpg,FR
fPEobRLfoMA,L affaire bpa,yes,12,no,1456394761,2016-02-25 10:02:01,bfu  bpa  upi,UCbbQfzgKlcB1wOj4AFM94Lg,Film & Animation,,fr,1296,1,,,0,0,https://i.ytimg.com/vi/fPEobRLfoMA/mqdefault.jpg,FR
SRDUQWJgnn0,BPA Free Plastic: Why It Does NOT Protect You | Harvard Professor Joseph Allen,yes,13,no,1611417074,2021-01-23 15:01:14,MedCram Clips,UCsR06Qx_cG-gZudSJZUkDnw,People & Blogs,en,en,17517,509,,,0,87,https://i.ytimg.com/vi/SRDUQWJgnn0/mqdefault.jpg,FR
HAb5Oe18XHs,What Is Bisphenol A (BPA) & How To Reduce Exposure To It? ‚Äì Dr.Berg,yes,14,yes,1557144003,2019-05-06 12:05:03,Dr. Eric Berg DC,UC3w193M5tYPJqF0Hi-7U-2g,Education,en,en,70565,3250,,,0,212,https://i.ytimg.com/vi/HAb5Oe18XHs/mqdefault.jpg,FR
tjhzI_Pc2jk,How to Detox Microplastics From Your Body (BPA  Metals  Pesticides  Xenoestrogens etc),yes,16,yes,1667485585,2022-11-03 14:11:25,Siim Land,UCAohrrjG-3gEp5QF1WlM9_w,Education,,en,12235,805,,,0,96,https://i.ytimg.com/vi/tjhzI_Pc2jk/mqdefault.jpg,FR
VwzC03wlcLU,5 Hidden Sources Of BPA To Avoid: Should You Go BPA Free?,yes,18,yes,1568295715,2019-09-12 13:09:55,Christopher Walker,UCTA1AuuXSVk0u2iXKHe2S3g,Education,,en,12731,653,,,0,91,https://i.ytimg.com/vi/VwzC03wlcLU/mqdefault.jpg,FR
-InXsA4ZmQY,A VERDADE sobre VASILHA DE PL√ÅSTICO SEM BPA (BPA Free),yes,19,yes,1683577800,2023-05-08 20:05:00,Ol√°  Ci√™ncia!,UCrSM1UV_KLAdTzgxyxl3POw,Education,pt,pt,34429,4191,,,0,35,https://i.ytimg.com/vi/-InXsA4ZmQY/mqdefault.jpg,FR
aj49G9b6xws,The Drastic Life Changes That Come with Living BPA-Free,yes,21,yes,1417755603,2014-12-05 05:12:03,Smithsonian Channel,UCWqPRUsJlZaDp-PVbqEch9g,Entertainment,,,10327,160,,,0,11,https://i.ytimg.com/vi/aj49G9b6xws/mqdefault.jpg,FR
tS9NpmU6PHs,Why BPA Hasn‚Äôt Been Banned,yes,22,yes,1479128746,2016-11-14 13:11:46,NutritionFacts.org,UCddn8dUxYdgJz3Qr5mjADtA,Science & Technology,,en,100049,2343,,,0,234,https://i.ytimg.com/vi/tS9NpmU6PHs/mqdefault.jpg,FR
fxc3li0IpQI,Que sont les indicateurs BPA et le PER ?,yes,23,yes,1632916145,2021-09-29 11:09:05,eToro France,UCPBBQwnM3J7lb4L34g7HFJw,Education,,fr,417,11,,,0,0,https://i.ytimg.com/vi/fxc3li0IpQI/mqdefault.jpg,FR
QmpinBmvSEQ,Formation BPA Travaux forestiers,yes,25,no,1591170754,2020-06-03 07:06:34,Campus Bougainville,UC1HWKp7dWLGIiu1jECLEHEQ,Film & Animation,,,2375,18,,,0,0,https://i.ytimg.com/vi/QmpinBmvSEQ/mqdefault.jpg,FR
QuMGc0EswTc,Are the BPA-Free Alternatives Safe?,yes,27,yes,1491998607,2017-04-12 12:04:27,NutritionFacts.org,UCddn8dUxYdgJz3Qr5mjADtA,Science & Technology,,en,47358,1128,,,0,115,https://i.ytimg.com/vi/QuMGc0EswTc/mqdefault.jpg,FR
2_6R0fhGtHQ,The Dangerous Chemicals In Your Plastic Packages,yes,30,yes,1550268000,2019-02-15 22:02:00,Insider Science,UC9uD-W5zQHQuAVT2GdcLCvg,Science & Technology,,en,127277,3140,,,0,284,https://i.ytimg.com/vi/2_6R0fhGtHQ/mqdefault.jpg,FR
PJEgiAKpA5A,BPA in food cans,yes,33,yes,1459379499,2016-03-30 23:03:39,CBC News,UCuFFtHWoLl5fauMMD5Ww2jA,Howto & Style,,en-GB,11796,151,,,0,13,https://i.ytimg.com/vi/PJEgiAKpA5A/mqdefault.jpg,FR
DcwfZjJy7ss,Fica a Dica - Bisfenol A ou BPA,yes,35,no,1494364455,2017-05-09 21:05:15,FICA A DICA com Raphaella Cordeiro,UCbcFMORvaa7ZFT-YYuo0Fww,People & Blogs,,pt,21905,1278,,,0,0,https://i.ytimg.com/vi/DcwfZjJy7ss/mqdefault.jpg,FR
8QuvTjLZaXs,Forever Chemicals PFAS  PFOA  PFOS  BPA  Explained Clearly,yes,37,no,1655909720,2022-06-22 14:06:20,MedCram - Medical Lectures Explained CLEARLY,UCG-iSMVtWbbwDDXgXXypARQ,Education,en,en-US,76376,2910,,,0,279,https://i.ytimg.com/vi/8QuvTjLZaXs/mqdefault.jpg,FR
KIBsIQu0zNo,How to Avoid the Obesity-Related Plastic Chemical BPA,yes,38,yes,1470657309,2016-08-08 11:08:09,NutritionFacts.org,UCddn8dUxYdgJz3Qr5mjADtA,Science & Technology,,en,74975,1361,,,0,116,https://i.ytimg.com/vi/KIBsIQu0zNo/mqdefault.jpg,FR
IsM9qbsaX78,Le BPA nous facilite la vie!,yes,40,yes,1415782178,2014-11-12 08:11:38,BPA Coalition,UCVikQQNcLtb3EzZC1en5UaQ,Science & Technology,,,2394,1,,,0,0,https://i.ytimg.com/vi/IsM9qbsaX78/mqdefault.jpg,FR
MdHoEzCjybI,Your athletic wear could contain high levels of BPA: Here s a list of brands affected,yes,41,yes,1684429466,2023-05-18 17:05:26,KCAL News,UCkH1uDkyuO9sVjSqdqBygOg,News & Politics,en,en,843,8,,,0,6,https://i.ytimg.com/vi/MdHoEzCjybI/mqdefault.jpg,FR
tEfLl3HFddY,BPA and health risks - what does the latest science show?,yes,46,yes,1391444518,2014-02-03 16:02:58,Risk Bites,UC8cxoTk9M0HdZB3gyJNjEtw,Science & Technology,,en-US,61033,454,,,0,66,https://i.ytimg.com/vi/tEfLl3HFddY/mqdefault.jpg,FR
amaHQysR_Ew,‡§ï‡§Æ‡§∞ ‡§Æ‡•á‡§Ç ‡§ñ‡•ã‡§∂‡•á ‡§ì‡§µ‡§∞ ‡§≤‡•ã‡§° ‡§™‡§ø‡§∏‡•ç‡§ü‡§≤ Bihar police academy rajgir #bpa #daroga #subinspector #police #army,yes,47,yes,1668833006,2022-11-19 04:11:26,Ankit Sub Inspector,UCvqYNPdm1L3li8QvatwxRkg,People & Blogs,,,77942,4989,,,0,35,https://i.ytimg.com/vi/amaHQysR_Ew/mqdefault.jpg,FR
2q-hQFaIUGw,BPA,yes,48,no,1576750292,2019-12-19 10:12:32,group inou - Topic,UCDmb95DUOHAbpe2afnxoc1g,Music,,,27119,181,,,0,4,https://i.ytimg.com/vi/2q-hQFaIUGw/mqdefault.jpg,FR
-p713bmVB90,Are Your Receipts Harming You? How to Avoid BPA #bpa #thermal #chemicals #healthylifestyle,yes,49,yes,1653753600,2022-05-28 16:05:00,Dr. Ryan Shelton,UCobm38C7IV6DnxypPcTeMhQ,Education,en,en,3944,215,,,0,,https://i.ytimg.com/vi/-p713bmVB90/mqdefault.jpg,FR
2pDich7Cvls,Les d√©l√©gu√©s bpa √† la s√©curit√©: des anges gardiens de la pr√©vention sans ailes,yes,50,no,1490608841,2017-03-27 10:03:41,bfu  bpa  upi,UCbbQfzgKlcB1wOj4AFM94Lg,Film & Animation,,,799,1,,,0,0,https://i.ytimg.com/vi/2pDich7Cvls/mqdefault.jpg,FR
8mXosTkwtYs,Should I Be Afraid of BPA?,yes,1,yes,1484085600,2017-01-10 22:01:00,SciShow,UCZYTClx2T1of7BRZ86-8fow,Education,en,en,347694,9194,,,0,551,https://i.ytimg.com/vi/8mXosTkwtYs/mqdefault.jpg,NL
HAb5Oe18XHs,What Is Bisphenol A (BPA) & How To Reduce Exposure To It? ‚Äì Dr.Berg,yes,2,yes,1557144003,2019-05-06 12:05:03,Dr. Eric Berg DC,UC3w193M5tYPJqF0Hi-7U-2g,Education,en,en,70565,3250,,,0,212,https://i.ytimg.com/vi/HAb5Oe18XHs/mqdefault.jpg,NL
SRDUQWJgnn0,BPA Free Plastic: Why It Does NOT Protect You | Harvard Professor Joseph Allen,yes,3,yes,1611417074,2021-01-23 15:01:14,MedCram Clips,UCsR06Qx_cG-gZudSJZUkDnw,People & Blogs,en,en,17517,509,,,0,87,https://i.ytimg.com/vi/SRDUQWJgnn0/mqdefault.jpg,NL
tjhzI_Pc2jk,How to Detox Microplastics From Your Body (BPA  Metals  Pesticides  Xenoestrogens etc),yes,4,yes,1667485585,2022-11-03 14:11:25,Siim Land,UCAohrrjG-3gEp5QF1WlM9_w,Education,,en,12233,805,,,0,96,https://i.ytimg.com/vi/tjhzI_Pc2jk/mqdefault.jpg,NL
n3l0GeHs4Nc,What is BPA?,yes,5,yes,1376083443,2013-08-09 21:08:03,Facts About BPA,UC3cDTf63F-0AlR7K8yf3plA,People & Blogs,,,56288,,,,0,,https://i.ytimg.com/vi/n3l0GeHs4Nc/mqdefault.jpg,NL
VwzC03wlcLU,5 Hidden Sources Of BPA To Avoid: Should You Go BPA Free?,yes,6,yes,1568295715,2019-09-12 13:09:55,Christopher Walker,UCTA1AuuXSVk0u2iXKHe2S3g,Education,,en,12730,653,,,0,91,https://i.ytimg.com/vi/VwzC03wlcLU/mqdefault.jpg,NL
zMIkBLvGUi0,The BPA - He s Frank (Feat. Iggy Pop),yes,7,yes,1267077346,2010-02-25 05:02:46,Mushroom,UClvCYrXBy7ft_5zKD7-cxKQ,Music,,,101077,731,,,0,46,https://i.ytimg.com/vi/zMIkBLvGUi0/mqdefault.jpg,NL
aj49G9b6xws,The Drastic Life Changes That Come with Living BPA-Free,yes,8,yes,1417755603,2014-12-05 05:12:03,Smithsonian Channel,UCWqPRUsJlZaDp-PVbqEch9g,Entertainment,,,10327,160,,,0,11,https://i.ytimg.com/vi/aj49G9b6xws/mqdefault.jpg,NL
NCY6drrC71g,SABEDORIA PARA ALCAN√áAR LUGARES ALTOS | Bpa. Pricila Caetano - 30/07/2023,yes,9,no,1690773965,2023-07-31 03:07:05,Sara Ribeir√£o Preto,UCXrCNg2GkrdsCHUNZWdaVSQ,Entertainment,,,253,19,,,0,0,https://i.ytimg.com/vi/NCY6drrC71g/mqdefault.jpg,NL
-p713bmVB90,Are Your Receipts Harming You? How to Avoid BPA #bpa #thermal #chemicals #healthylifestyle,yes,10,yes,1653753600,2022-05-28 16:05:00,Dr. Ryan Shelton,UCobm38C7IV6DnxypPcTeMhQ,Education,en,en,3944,215,,,0,,https://i.ytimg.com/vi/-p713bmVB90/mqdefault.jpg,NL
BIvHrC_mS_M,Food Plastics = Estrogens in Your Body,yes,11,yes,1569866402,2019-09-30 18:09:02,Adam Ragusea,UC9_p50tH3WmMslWRWKnM7dQ,Howto & Style,en,en-US,484485,24983,,,0,3088,https://i.ytimg.com/vi/BIvHrC_mS_M/mqdefault.jpg,NL
2_6R0fhGtHQ,The Dangerous Chemicals In Your Plastic Packages,yes,12,yes,1550268000,2019-02-15 22:02:00,Insider Science,UC9uD-W5zQHQuAVT2GdcLCvg,Science & Technology,,en,127278,3140,,,0,284,https://i.ytimg.com/vi/2_6R0fhGtHQ/mqdefault.jpg,NL
tS9NpmU6PHs,Why BPA Hasn‚Äôt Been Banned,yes,13,yes,1479128746,2016-11-14 13:11:46,NutritionFacts.org,UCddn8dUxYdgJz3Qr5mjADtA,Science & Technology,,en,100048,2343,,,0,234,https://i.ytimg.com/vi/tS9NpmU6PHs/mqdefault.jpg,NL
qqnkvFXys2o,Beware of BPA leaching from Store Receipts!,yes,14,yes,1658281107,2022-07-20 01:07:27,The Swell Score,UCMNs5YdLF-rh9dvMDNwEdbA,People & Blogs,en,en,3562,105,,,0,6,https://i.ytimg.com/vi/qqnkvFXys2o/mqdefault.jpg,NL
PJEgiAKpA5A,BPA in food cans,yes,15,yes,1459379499,2016-03-30 23:03:39,CBC News,UCuFFtHWoLl5fauMMD5Ww2jA,Howto & Style,,en-GB,11796,151,,,0,13,https://i.ytimg.com/vi/PJEgiAKpA5A/mqdefault.jpg,NL
-InXsA4ZmQY,A VERDADE sobre VASILHA DE PL√ÅSTICO SEM BPA (BPA Free),yes,16,yes,1683577800,2023-05-08 20:05:00,Ol√°  Ci√™ncia!,UCrSM1UV_KLAdTzgxyxl3POw,Education,pt,pt,34429,4191,,,0,35,https://i.ytimg.com/vi/-InXsA4ZmQY/mqdefault.jpg,NL
tEfLl3HFddY,BPA and health risks - what does the latest science show?,yes,17,yes,1391444518,2014-02-03 16:02:58,Risk Bites,UC8cxoTk9M0HdZB3gyJNjEtw,Science & Technology,,en-US,61033,454,,,0,66,https://i.ytimg.com/vi/tEfLl3HFddY/mqdefault.jpg,NL
8QuvTjLZaXs,Forever Chemicals PFAS  PFOA  PFOS  BPA  Explained Clearly,yes,18,no,1655909720,2022-06-22 14:06:20,MedCram - Medical Lectures Explained CLEARLY,UCG-iSMVtWbbwDDXgXXypARQ,Education,en,en-US,76376,2910,,,0,279,https://i.ytimg.com/vi/8QuvTjLZaXs/mqdefault.jpg,NL
6p2bT8qi5Zc,What is BPA Plastic Additive | Is BPA Safe? Why is it used in Baby Bottles!,yes,19,yes,1654308211,2022-06-04 02:06:31,Plascon Plastics,UClJAMn3Pmd1ja3sDF9M-Ssg,People & Blogs,,,2032,58,,,0,7,https://i.ytimg.com/vi/6p2bT8qi5Zc/mqdefault.jpg,NL
f5d0Isu4I34,Drinking From Plastic (BPA) BOOSTS Testosterone Levels In Blood?,yes,20,yes,1678732916,2023-03-13 18:03:56,Boost Your Biology,UC4O8s5Eir3A0ULQ-0HOJr8Q,Science & Technology,,en,6056,286,,,0,51,https://i.ytimg.com/vi/f5d0Isu4I34/mqdefault.jpg,NL
aXsotiCmqbo,Dr. Joe on bisphenol A,yes,21,yes,1582216039,2020-02-20 16:02:19,Montreal Gazette,UCiiiXY1ue6nb7iqY8o8f62w,Science & Technology,en-CA,en-CA,13793,127,,,0,10,https://i.ytimg.com/vi/aXsotiCmqbo/mqdefault.jpg,NL
N6-RVw_qjhc,What Preppers Need to Know About BPA in Canned Foods,yes,24,yes,1654318119,2022-06-04 04:06:39,Emergency Survival Tips,UCAkIk9IOjF8y4r-SWqgNSPw,Science & Technology,,,1138,72,,,0,17,https://i.ytimg.com/vi/N6-RVw_qjhc/mqdefault.jpg,NL
_ut14OrPSuc,BPA found in food cans  study finds,yes,26,yes,1460378152,2016-04-11 12:04:52,CBS Mornings,UC-SJ6nODDmufqBzPBwCvYvQ,News & Politics,,,1805,23,,,0,5,https://i.ytimg.com/vi/_ut14OrPSuc/mqdefault.jpg,NL
KIBsIQu0zNo,How to Avoid the Obesity-Related Plastic Chemical BPA,yes,28,yes,1470657309,2016-08-08 11:08:09,NutritionFacts.org,UCddn8dUxYdgJz3Qr5mjADtA,Science & Technology,,en,74974,1361,,,0,116,https://i.ytimg.com/vi/KIBsIQu0zNo/mqdefault.jpg,NL
219JRH3dEwg,What is Bisphenol-A (or BPA)  and where is it used?,yes,29,yes,1354462617,2012-12-02 15:12:57,Risk Bites,UC8cxoTk9M0HdZB3gyJNjEtw,Science & Technology,,,34091,219,,,0,13,https://i.ytimg.com/vi/219JRH3dEwg/mqdefault.jpg,NL
QuMGc0EswTc,Are the BPA-Free Alternatives Safe?,yes,32,yes,1491998607,2017-04-12 12:04:27,NutritionFacts.org,UCddn8dUxYdgJz3Qr5mjADtA,Science & Technology,,en,47358,1128,,,0,115,https://i.ytimg.com/vi/QuMGc0EswTc/mqdefault.jpg,NL
97SeVkU_BDw,How do scientists measure if plastic containers are BPA-free? | Behind the Science,yes,33,yes,1529863504,2018-06-24 18:06:04,Behind the Science,UC2r_9AIg5HIg3iWl5zxQXhg,Science & Technology,,en,25161,55,,,0,11,https://i.ytimg.com/vi/97SeVkU_BDw/mqdefault.jpg,NL
anBGKeV2lSs,Practice Tips With Dr. Lichaa: BPA on CTEPH,yes,34,yes,1677525486,2023-02-27 19:02:06,DocWire,UCrbKVq6RMjJum9TlKhoFMbw,Science & Technology,,en,101,2,,,0,0,https://i.ytimg.com/vi/anBGKeV2lSs/mqdefault.jpg,NL
JaXkIom0dAY,BPA Strategic Plan 2024-2028: Powering our clean energy future,yes,39,no,1690905611,2023-08-01 16:08:11,BonnevillePower,UCrDNEVsalgM0hNXYB14Kmxw,Education,,en,897,8,,,0,4,https://i.ytimg.com/vi/JaXkIom0dAY/mqdefault.jpg,NL
kaDYlPjidms,Is BPA (bisphenol A) toxic? A Physician Weighs In.,yes,40,yes,1597854576,2020-08-19 16:08:36,F. Perry Wilson  MD,UCu4OHd94MHqjlMp_Mgks84w,Science & Technology,en,en,4552,127,,,0,16,https://i.ytimg.com/vi/kaDYlPjidms/mqdefault.jpg,NL
I9X2HOKiV3E,How Printed Receipts Could Destroy Your Hormones | Andrew Huberman,yes,41,yes,1667674806,2022-11-05 19:11:06,Chris Williamson,UCIaH-gZIVC432YRjNVvnyCA,People & Blogs,,en-GB,93487,5969,,,0,154,https://i.ytimg.com/vi/I9X2HOKiV3E/mqdefault.jpg,NL
DcwfZjJy7ss,Fica a Dica - Bisfenol A ou BPA,yes,42,no,1494364455,2017-05-09 21:05:15,FICA A DICA com Raphaella Cordeiro,UCbcFMORvaa7ZFT-YYuo0Fww,People & Blogs,,pt,21905,1278,,,0,0,https://i.ytimg.com/vi/DcwfZjJy7ss/mqdefault.jpg,NL
MdHoEzCjybI,Your athletic wear could contain high levels of BPA: Here s a list of brands affected,yes,43,yes,1684429466,2023-05-18 17:05:26,KCAL News,UCkH1uDkyuO9sVjSqdqBygOg,News & Politics,en,en,843,8,,,0,6,https://i.ytimg.com/vi/MdHoEzCjybI/mqdefault.jpg,NL
7RQ0DSvo1P8,BPA in Food Containers: What You Need to Know,yes,45,yes,1427285258,2015-03-25 12:03:38,ELLICSR Kitchen,UCh98IRmyImr5HbCG5_q94Tg,Education,,en,54871,610,,,0,41,https://i.ytimg.com/vi/7RQ0DSvo1P8/mqdefault.jpg,NL
Xk8m-aiMgqA,Training times üòóüòçüòçüòçü•∞ #bpa Rajgir #biharsi #richa ||Motivational video,yes,46,yes,1687083964,2023-06-18 10:06:04,SUB INSPECTOR RICHA,UCCraHY3m1esER145UPFjLqg,People & Blogs,,,4619,924,,,0,36,https://i.ytimg.com/vi/Xk8m-aiMgqA/mqdefault.jpg,NL
IdLQxBZT3hI,What Does  BPA Free  Really Mean?,yes,47,yes,1627984790,2021-08-03 09:08:50,SGS,UC54a9cm8f7g6icaWTyRiwww,Science & Technology,,en,3140,14,,,0,0,https://i.ytimg.com/vi/IdLQxBZT3hI/mqdefault.jpg,NL
K5FSuRtw94k,The Effects of BPA in Paper Receipts,yes,48,yes,1422665006,2015-01-31 00:01:26,Will Caffrey,UCtQ-eqb16VLVRD7AVy1gdgw,People & Blogs,,,8540,162,,,0,18,https://i.ytimg.com/vi/K5FSuRtw94k/mqdefault.jpg,NL
IaVWE8eKzR8,How to tell if your plastic bottle is BPA Free!!,yes,49,yes,1672850143,2023-01-04 16:01:43,Trellis The Artist,UCMP_MEhPol6Nk5MkhaALuXg,People & Blogs,,,629,19,,,0,3,https://i.ytimg.com/vi/IaVWE8eKzR8/mqdefault.jpg,NL
gvuH8npbGT4,BPA CRM for SharePoint Overview,yes,50,no,1432727290,2015-05-27 11:05:10,BPA Solutions,UCXUad4z8TEouczxs1kWX7LQ,Howto & Style,,,16356,3,,,0,3,https://i.ytimg.com/vi/gvuH8npbGT4/mqdefault.jpg,NL
8mXosTkwtYs,Should I Be Afraid of BPA?,yes,1,yes,1484085600,2017-01-10 22:01:00,SciShow,UCZYTClx2T1of7BRZ86-8fow,Education,en,en,347694,9194,,,0,551,https://i.ytimg.com/vi/8mXosTkwtYs/mqdefault.jpg,PH
n3l0GeHs4Nc,What is BPA?,yes,2,yes,1376083443,2013-08-09 21:08:03,Facts About BPA,UC3cDTf63F-0AlR7K8yf3plA,People & Blogs,,,56288,,,,0,,https://i.ytimg.com/vi/n3l0GeHs4Nc/mqdefault.jpg,PH
HAb5Oe18XHs,What Is Bisphenol A (BPA) & How To Reduce Exposure To It? ‚Äì Dr.Berg,yes,3,yes,1557144003,2019-05-06 12:05:03,Dr. Eric Berg DC,UC3w193M5tYPJqF0Hi-7U-2g,Education,en,en,70565,3250,,,0,212,https://i.ytimg.com/vi/HAb5Oe18XHs/mqdefault.jpg,PH
2_6R0fhGtHQ,The Dangerous Chemicals In Your Plastic Packages,yes,4,yes,1550268000,2019-02-15 22:02:00,Insider Science,UC9uD-W5zQHQuAVT2GdcLCvg,Science & Technology,,en,127278,3140,,,0,284,https://i.ytimg.com/vi/2_6R0fhGtHQ/mqdefault.jpg,PH
aj49G9b6xws,The Drastic Life Changes That Come with Living BPA-Free,yes,5,yes,1417755603,2014-12-05 05:12:03,Smithsonian Channel,UCWqPRUsJlZaDp-PVbqEch9g,Entertainment,,,10326,160,,,0,11,https://i.ytimg.com/vi/aj49G9b6xws/mqdefault.jpg,PH
SRDUQWJgnn0,BPA Free Plastic: Why It Does NOT Protect You | Harvard Professor Joseph Allen,yes,6,yes,1611417074,2021-01-23 15:01:14,MedCram Clips,UCsR06Qx_cG-gZudSJZUkDnw,People & Blogs,en,en,17515,509,,,0,87,https://i.ytimg.com/vi/SRDUQWJgnn0/mqdefault.jpg,PH
BIvHrC_mS_M,Food Plastics = Estrogens in Your Body,yes,7,yes,1569866402,2019-09-30 18:09:02,Adam Ragusea,UC9_p50tH3WmMslWRWKnM7dQ,Howto & Style,en,en-US,484485,24983,,,0,3088,https://i.ytimg.com/vi/BIvHrC_mS_M/mqdefault.jpg,PH
VwzC03wlcLU,5 Hidden Sources Of BPA To Avoid: Should You Go BPA Free?,yes,8,yes,1568295715,2019-09-12 13:09:55,Christopher Walker,UCTA1AuuXSVk0u2iXKHe2S3g,Education,,en,12731,653,,,0,91,https://i.ytimg.com/vi/VwzC03wlcLU/mqdefault.jpg,PH
tjhzI_Pc2jk,How to Detox Microplastics From Your Body (BPA  Metals  Pesticides  Xenoestrogens etc),yes,10,yes,1667485585,2022-11-03 14:11:25,Siim Land,UCAohrrjG-3gEp5QF1WlM9_w,Education,,en,12233,805,,,0,96,https://i.ytimg.com/vi/tjhzI_Pc2jk/mqdefault.jpg,PH
-p713bmVB90,Are Your Receipts Harming You? How to Avoid BPA #bpa #thermal #chemicals #healthylifestyle,yes,11,yes,1653753600,2022-05-28 16:05:00,Dr. Ryan Shelton,UCobm38C7IV6DnxypPcTeMhQ,Education,en,en,3944,215,,,0,,https://i.ytimg.com/vi/-p713bmVB90/mqdefault.jpg,PH
8QuvTjLZaXs,Forever Chemicals PFAS  PFOA  PFOS  BPA  Explained Clearly,yes,12,no,1655909720,2022-06-22 14:06:20,MedCram - Medical Lectures Explained CLEARLY,UCG-iSMVtWbbwDDXgXXypARQ,Education,en,en-US,76376,2910,,,0,279,https://i.ytimg.com/vi/8QuvTjLZaXs/mqdefault.jpg,PH
tS9NpmU6PHs,Why BPA Hasn‚Äôt Been Banned,yes,13,yes,1479128746,2016-11-14 13:11:46,NutritionFacts.org,UCddn8dUxYdgJz3Qr5mjADtA,Science & Technology,,en,100049,2343,,,0,234,https://i.ytimg.com/vi/tS9NpmU6PHs/mqdefault.jpg,PH
6p2bT8qi5Zc,What is BPA Plastic Additive | Is BPA Safe? Why is it used in Baby Bottles!,yes,14,yes,1654308211,2022-06-04 02:06:31,Plascon Plastics,UClJAMn3Pmd1ja3sDF9M-Ssg,People & Blogs,,,2031,58,,,0,7,https://i.ytimg.com/vi/6p2bT8qi5Zc/mqdefault.jpg,PH
-InXsA4ZmQY,A VERDADE sobre VASILHA DE PL√ÅSTICO SEM BPA (BPA Free),yes,15,yes,1683577800,2023-05-08 20:05:00,Ol√°  Ci√™ncia!,UCrSM1UV_KLAdTzgxyxl3POw,Education,pt,pt,34429,4191,,,0,35,https://i.ytimg.com/vi/-InXsA4ZmQY/mqdefault.jpg,PH
tEfLl3HFddY,BPA and health risks - what does the latest science show?,yes,16,yes,1391444518,2014-02-03 16:02:58,Risk Bites,UC8cxoTk9M0HdZB3gyJNjEtw,Science & Technology,,en-US,61033,454,,,0,66,https://i.ytimg.com/vi/tEfLl3HFddY/mqdefault.jpg,PH
KIBsIQu0zNo,How to Avoid the Obesity-Related Plastic Chemical BPA,yes,17,yes,1470657309,2016-08-08 11:08:09,NutritionFacts.org,UCddn8dUxYdgJz3Qr5mjADtA,Science & Technology,,en,74975,1361,,,0,116,https://i.ytimg.com/vi/KIBsIQu0zNo/mqdefault.jpg,PH
PJEgiAKpA5A,BPA in food cans,yes,18,yes,1459379499,2016-03-30 23:03:39,CBC News,UCuFFtHWoLl5fauMMD5Ww2jA,Howto & Style,,en-GB,11796,151,,,0,13,https://i.ytimg.com/vi/PJEgiAKpA5A/mqdefault.jpg,PH
qqnkvFXys2o,Beware of BPA leaching from Store Receipts!,yes,19,yes,1658281107,2022-07-20 01:07:27,The Swell Score,UCMNs5YdLF-rh9dvMDNwEdbA,People & Blogs,en,en,3563,105,,,0,6,https://i.ytimg.com/vi/qqnkvFXys2o/mqdefault.jpg,PH
J-xv2UD9TxQ,What BPA Is & How to Avoid It | Green Living,yes,20,yes,1387224420,2013-12-16 20:12:00,Howcast,UCSpVHeDGr9UbREhRca0qwsA,Howto & Style,,en-US,30744,227,,,0,22,https://i.ytimg.com/vi/J-xv2UD9TxQ/mqdefault.jpg,PH
7RQ0DSvo1P8,BPA in Food Containers: What You Need to Know,yes,21,yes,1427285258,2015-03-25 12:03:38,ELLICSR Kitchen,UCh98IRmyImr5HbCG5_q94Tg,Education,,en,54871,610,,,0,41,https://i.ytimg.com/vi/7RQ0DSvo1P8/mqdefault.jpg,PH
OEzNjSOwF04,Scientists attempt to replace the ubiquitous chemical BPA in food and drink cans,yes,22,yes,1580766530,2020-02-03 21:02:50,Science Magazine,UCv0aU2eKry3kdSTnFa8QAWA,Science & Technology,,en-US,13864,205,,,0,19,https://i.ytimg.com/vi/OEzNjSOwF04/mqdefault.jpg,PH
IdLQxBZT3hI,What Does  BPA Free  Really Mean?,yes,24,yes,1627984790,2021-08-03 09:08:50,SGS,UC54a9cm8f7g6icaWTyRiwww,Science & Technology,,en,3140,14,,,0,0,https://i.ytimg.com/vi/IdLQxBZT3hI/mqdefault.jpg,PH
N6-RVw_qjhc,What Preppers Need to Know About BPA in Canned Foods,yes,27,yes,1654318119,2022-06-04 04:06:39,Emergency Survival Tips,UCAkIk9IOjF8y4r-SWqgNSPw,Science & Technology,,,1138,72,,,0,17,https://i.ytimg.com/vi/N6-RVw_qjhc/mqdefault.jpg,PH
QuMGc0EswTc,Are the BPA-Free Alternatives Safe?,yes,28,yes,1491998607,2017-04-12 12:04:27,NutritionFacts.org,UCddn8dUxYdgJz3Qr5mjADtA,Science & Technology,,en,47358,1128,,,0,115,https://i.ytimg.com/vi/QuMGc0EswTc/mqdefault.jpg,PH
AucGXmdl8tI,VIDEO: BPA in plastics linked to cancer,yes,29,yes,1522980515,2018-04-06 02:04:35,KSAT 12,UCETE4rKzRRjqM0JaB7TlPpQ,News & Politics,,,3581,38,,,0,5,https://i.ytimg.com/vi/AucGXmdl8tI/mqdefault.jpg,PH
DgYS4tnQ5MQ,Study finds more dangers from BPA,yes,30,yes,1357770135,2013-01-09 22:01:15,CBS News,UC8p1vwvWtl6T73JiExfWs1g,News & Politics,,,615,11,,,0,1,https://i.ytimg.com/vi/DgYS4tnQ5MQ/mqdefault.jpg,PH
kJ9XCwlHtek,Ser√° que voc√™ deveria comprar pl√°sticos sem BPA?,yes,31,no,1656455147,2022-06-28 22:06:47,Nunca vi 1 cientista,UCdKJlY5eAoSumIlcOcYxIGg,Science & Technology,,pt-BR,26780,4726,,,0,312,https://i.ytimg.com/vi/kJ9XCwlHtek/mqdefault.jpg,PH
_ut14OrPSuc,BPA found in food cans  study finds,yes,33,yes,1460378152,2016-04-11 12:04:52,CBS Mornings,UC-SJ6nODDmufqBzPBwCvYvQ,News & Politics,,,1805,23,,,0,5,https://i.ytimg.com/vi/_ut14OrPSuc/mqdefault.jpg,PH
pIqt1QdoVl4,What is BPA?,yes,34,yes,1225817320,2008-11-04 16:11:40,Children s Mercy Kansas City,UCGRnlf-yBeOMBpGauFnP43A,Education,,,8133,54,,,0,8,https://i.ytimg.com/vi/pIqt1QdoVl4/mqdefault.jpg,PH
vt-JyOrsBLY,BPA Plastic and Male Sexual Dysfunction,yes,36,no,1351164811,2012-10-25 11:10:31,NutritionFacts.org,UCddn8dUxYdgJz3Qr5mjADtA,Science & Technology,,en-US,26438,148,,,0,19,https://i.ytimg.com/vi/vt-JyOrsBLY/mqdefault.jpg,PH
97SeVkU_BDw,How do scientists measure if plastic containers are BPA-free? | Behind the Science,yes,38,yes,1529863504,2018-06-24 18:06:04,Behind the Science,UC2r_9AIg5HIg3iWl5zxQXhg,Science & Technology,,en,25161,55,,,0,11,https://i.ytimg.com/vi/97SeVkU_BDw/mqdefault.jpg,PH
DcwfZjJy7ss,Fica a Dica - Bisfenol A ou BPA,yes,39,no,1494364455,2017-05-09 21:05:15,FICA A DICA com Raphaella Cordeiro,UCbcFMORvaa7ZFT-YYuo0Fww,People & Blogs,,pt,21905,1278,,,0,0,https://i.ytimg.com/vi/DcwfZjJy7ss/mqdefault.jpg,PH
2q-hQFaIUGw,BPA,yes,40,no,1576750292,2019-12-19 10:12:32,group inou - Topic,UCDmb95DUOHAbpe2afnxoc1g,Music,,,27119,181,,,0,4,https://i.ytimg.com/vi/2q-hQFaIUGw/mqdefault.jpg,PH
mTheLA8X6WM,What is BPA? I Is BPA free plastics safe? üçºI Effects of BPA I Plastic Identification codes I Tamil,yes,43,yes,1627209539,2021-07-25 10:07:59,TAMIL TALK 365,UCmPUG425cipAQjSaJoxf2uw,Education,,en,4876,110,,,0,14,https://i.ytimg.com/vi/mTheLA8X6WM/mqdefault.jpg,PH
f5d0Isu4I34,Drinking From Plastic (BPA) BOOSTS Testosterone Levels In Blood?,yes,44,yes,1678732916,2023-03-13 18:03:56,Boost Your Biology,UC4O8s5Eir3A0ULQ-0HOJr8Q,Science & Technology,,en,6056,286,,,0,51,https://i.ytimg.com/vi/f5d0Isu4I34/mqdefault.jpg,PH
z_OIS3B1_bw,How to Buy BPA-Free Water Bottles,yes,45,yes,1283956478,2010-09-08 14:09:38,Howcast,UCSpVHeDGr9UbREhRca0qwsA,Howto & Style,,en-US,10032,42,,,0,12,https://i.ytimg.com/vi/z_OIS3B1_bw/mqdefault.jpg,PH
ZxVUsIwvVIA,The Danger of BPA in Receipts and How to Avoid It.,yes,46,yes,1612620027,2021-02-06 14:02:27,ComfortLifeChannel,UC7SeJ63SOtcjnhM5Byv_Ouw,Howto & Style,,en,3061,121,,,0,31,https://i.ytimg.com/vi/ZxVUsIwvVIA/mqdefault.jpg,PH
tl0jooNQrJk,5 Tips to Reduce BPA Exposure,yes,47,yes,1439927229,2015-08-18 19:08:09,Cancer Center,UCkNrj1l4JLvLX7M42fJoLGw,Science & Technology,,en,2911,33,,,0,2,https://i.ytimg.com/vi/tl0jooNQrJk/mqdefault.jpg,PH
MdHoEzCjybI,Your athletic wear could contain high levels of BPA: Here s a list of brands affected,yes,50,yes,1684429466,2023-05-18 17:05:26,KCAL News,UCkH1uDkyuO9sVjSqdqBygOg,News & Politics,en,en,843,8,,,0,6,https://i.ytimg.com/vi/MdHoEzCjybI/mqdefault.jpg,PH