name,cluster,label,isSeed,seedRank,linksSeed,publishedAtUnix,publishedAtSQL,channelTitle,channelId,videoCategoryLabel,defaultLanguage,defaultAudioLanguage,viewCount,likeCount,dislikeCount,dislikeLikeRatio,favoriteCount,commentCount,thumb,language,clusterLabel
ChntJVuErlg,other,The 7 WARNING Signs of a B12 Deficiency - Dr. Berg,no,,no,1643367606,2022-01-28 11:01:06,Dr. Eric Berg DC,UC3w193M5tYPJqF0Hi-7U-2g,Education,en-US,en-US,1762364,37339,,,0,2013,https://i.ytimg.com/vi/ChntJVuErlg/mqdefault.jpg,PH,Other
TBSrk5skIH0,other,COVID Long Haulers and the Connection to ME/CFS by Dr. Bateman,no,,no,1631553102,2021-09-13 17:09:42,Bateman Horne Center,UCjdso7oUeJT90mL0PdHr0vQ,Education,,en-US,11094,345,,,0,55,https://i.ytimg.com/vi/TBSrk5skIH0/mqdefault.jpg,PH,Other
xjEFo3a1AnI,other,Dr. Chris Palmer: Diet & Nutrition for Mental Health | Huberman Lab Podcast #99,no,,no,1669035642,2022-11-21 13:11:42,Andrew Huberman,UC2D2CMWXMOVWx7giW1n3LIg,Science & Technology,en,en,4205287,46534,,,0,3460,https://i.ytimg.com/vi/xjEFo3a1AnI/mqdefault.jpg,PH,Other
J21f6SV1U7Y,other,February 16  2021 [Live] Supplements in Acute Concussion,no,,no,1613536535,2021-02-17 04:02:35,Dr. Mark Heisig,UCFdSZvOx4o5ORSmgrAXUXZg,People & Blogs,,,393,17,,,0,8,https://i.ytimg.com/vi/J21f6SV1U7Y/mqdefault.jpg,PH,Other
3mVSW-iNreU,other,Food Is Health: What‚Äôs Your Fix? feat. Dr. Robert Lustig | Crusonia BKLYN 2021,no,,no,1649167220,2022-04-05 14:04:20,Crusonia,UCBa_HyhAVbc_l0hKKOpY2DA,Education,,,95006,2228,,,0,287,https://i.ytimg.com/vi/3mVSW-iNreU/mqdefault.jpg,PH,Other
puSEoy51jOI,other,Part 2 Final Exam Viva Demonstration - The obese patient with Stephany,yes,7,no,1633773618,2021-10-09 10:10:18,ABCs of Anaesthesia,UCs1fy2n5Ey0c9VZRBL7UCsg,Education,en,en,2251,53,,,0,2,https://i.ytimg.com/vi/puSEoy51jOI/mqdefault.jpg,PH,Other
iQUJ1HV0PWc,other,Obesity  Causes  SIgns and Symptoms  Diagnosis and Treatment.,no,,no,1562920200,2019-07-12 08:07:00,Medical Centric,UC-_aWEhUBpH86D1VR0OhVrw,People & Blogs,en,,259238,3454,,,0,224,https://i.ytimg.com/vi/iQUJ1HV0PWc/mqdefault.jpg,PH,Other
8GNjFs03iSw,other,Anaesthesia for the obese parturient.,no,,yes,1663047900,2022-09-13 05:09:00,District Anaesthesia Education,UC5RyvotEzpFIKFYozpKUgAw,People & Blogs,,,413,8,,,0,0,https://i.ytimg.com/vi/8GNjFs03iSw/mqdefault.jpg,PH,Other
FWsx9ufPG_o,other,OBESITY AND ANESTHESIA 8 FEB 2022 PROFESSOR NAGASAMY PPT PRESENTATION,no,,no,1644329943,2022-02-08 14:02:03,RAISACON 2020,UCCCY2DcXbLMSZF3H1cIJiBw,People & Blogs,,,2174,45,,,0,4,https://i.ytimg.com/vi/FWsx9ufPG_o/mqdefault.jpg,PH,Other
GQhWJPIXCwc,other,TOTALTRACK. MORBID OBESE PATIENT 260 KG (BMI 73),no,,no,1428003919,2015-04-02 19:04:19,fibroanestesia,UCXdBah0hrf1768LLz73FYLg,Education,,,12969,60,,,0,2,https://i.ytimg.com/vi/GQhWJPIXCwc/mqdefault.jpg,PH,Other
-vNVG7XJpVE,other,What is obesity? - Mia Nacamulli,no,,no,1467298940,2016-06-30 15:06:20,TED-Ed,UCsooa4yRKGN_zEE8iknghZA,Education,en,en,1059634,14978,,,0,1411,https://i.ytimg.com/vi/-vNVG7XJpVE/mqdefault.jpg,PH,Other
rl3pLcSZBgQ,other,‰∏ãÂçäË∫´ËÇ•ËÉñÁöÑÂçµÂ∑¢È´îÂûã 3Á®ÆËç∑ÁàæËíôÈÅéÈ´òÁöÑÁóÖÁóá Èõ£Ê∏õËÇ• ÊüèÊ†ºÈÜ´Áîüdr berg,no,,no,1626057414,2021-07-12 02:07:54,ÊüèÊ†ºÈÜ´Áîü‰∏≠Êñá ÂÅ•Â∫∑Áü•Ë≠ò,UCUXi5mmqbvIithAs9AaxEtw,People & Blogs,,,253951,4299,,,0,158,https://i.ytimg.com/vi/rl3pLcSZBgQ/mqdefault.jpg,PH,Other
LxiK0KlBN_E,other,[ÈõëÂ≠¶ËÅû„ÅçÊµÅ„Åó]ÂØù„Å™„Åå„ÇâËÅû„Åë„ÇãÁóõ„ÅÑ„Åä„ÅÑ„Çâ„ÅÆÈõëÂ≠¶,yes,12,no,1685440815,2023-05-30 10:05:15,ÈõëÂ≠¶ÁöÜ„Åï„Çì„ÅÇ„Çä„Åå„Å®„ÅÜ,UCyJx1nhLicZfeQcZymZ4LRQ,Education,,ja,495,,,,0,2,https://i.ytimg.com/vi/LxiK0KlBN_E/mqdefault.jpg,PH,Other
IAgj3DLN8p8,other,WHY YOU RE ALWAYS TIRED! - It All Begins With Your EVENING ROUTINE | Rangan Chatterjee,no,,no,1670590809,2022-12-09 13:12:09,Dr Rangan Chatterjee,UCDnwlb3IQDPJtFysPUJbDFQ,Education,en-GB,en-GB,400623,6550,,,0,345,https://i.ytimg.com/vi/IAgj3DLN8p8/mqdefault.jpg,PH,Other
hJk95SQvyNM,other,Do This and You will Stop Snoring Completely Naturally || Easy and Quick Ways,no,,no,1678452973,2023-03-10 12:03:13,The Guiding Shrink,UCay4IIz4P4KthWhc_54ar9Q,Howto & Style,en,en,91,4,,,0,1,https://i.ytimg.com/vi/hJk95SQvyNM/mqdefault.jpg,PH,Other
HURkihlOROc,other,„ÄêÁù°Áú†Â∞éÂÖ•Áî®ÈõëÂ≠¶„ÄëË∂ÖÁÜüÁù°„Åß„Åç„ÇãÈõëÂ≠¶1ÊôÇÈñì„ÄêÂêàÊàêÈü≥Â£∞„Äë,no,,no,1687093212,2023-06-18 13:06:12,Áú†„Çå„Çã„Éà„É™„Éì„Ç¢„ÄêÈõëÂ≠¶„ÉªÁù°Áú†„Äë,UCKqL_FQogzPoHHAdGQh6HQA,People & Blogs,,,4329,,,,0,1,https://i.ytimg.com/vi/HURkihlOROc/mqdefault.jpg,PH,Other
nQlb1kdgfM8,other,„ÄêÁù°Áú†Â∞éÂÖ•„Äë„Å™„Åú„ÅãÂØù„Çå„ÇãÈõëÂ≠¶„Äê„É™„É©„ÉÉ„ÇØ„Çπ„Äë„ÅÑ„Å§„ÇÇ„Çà„ÇäÊ∑±„ÅÑÁù°Áú†„Çí‚ô™,no,,no,1671368419,2022-12-18 13:12:19,„Åü„Å´„Åå„Çè ËâØË≥™Áù°Áú†Áî®„ÅÆÈõëÂ≠¶,UCuP0oTLTn1dKi_Sv_z1PZlA,News & Politics,,,363415,1681,,,0,29,https://i.ytimg.com/vi/nQlb1kdgfM8/mqdefault.jpg,PH,Other
uE3EHdZcYVc,other,„ÄêÈÄÜ„Åã„ÇâÂÜçÁîü„ÄëÂ∞ë„ÅóÂ§ß‰∫∫„ÅÆÈõëÂ≠¶ Vol.4„ÄêÁù°Áú†Â∞éÂÖ•„Äë„Åó„Å£„Åã„ÇäËß£Ë™¨‰ªò„Åç‚ô™,no,,no,1685797244,2023-06-03 13:06:44,„Åü„Å´„Åå„Çè ËâØË≥™Áù°Áú†Áî®„ÅÆÈõëÂ≠¶,UCuP0oTLTn1dKi_Sv_z1PZlA,People & Blogs,,,12618,107,,,0,2,https://i.ytimg.com/vi/uE3EHdZcYVc/mqdefault.jpg,PH,Other
a46ojmeTwwY,other,Post-Concussion Dysautonomia - Dr. Glen Cook,yes,5,no,1596193234,2020-07-31 11:07:34,Dysautonomia International,UCO5M4DiVydA_cgNAlslUwNw,People & Blogs,,en,661,16,,,0,,https://i.ytimg.com/vi/a46ojmeTwwY/mqdefault.jpg,PH,Other
BuFPIDylLJY,other,ME/CFS - An Overview of an Underappreciated Disease,no,,no,1680429609,2023-04-02 10:04:09,Strong Medicine,UCFq5vPnNRNNNysLrktz4aSw,Education,en,en,8487,272,,,0,20,https://i.ytimg.com/vi/BuFPIDylLJY/mqdefault.jpg,PH,Other
_lcS-ta1EQ0,other,The Cupboard of Autonomic Disorders: Dishes Besides POTS: Glen Cook  MD,no,,yes,1595161739,2020-07-19 12:07:59,Dysautonomia International,UCO5M4DiVydA_cgNAlslUwNw,People & Blogs,,en,699,13,,,0,,https://i.ytimg.com/vi/_lcS-ta1EQ0/mqdefault.jpg,PH,Other
nTaTnfWfvr8,other,What is Dysautonomia to Me? with Glen Cook  MD,no,,no,1592175807,2020-06-14 23:06:27,The Dysautonomia Project,UC1oKoExMTvC-RjKQ6ApjGLw,Nonprofits & Activism,en,,10767,271,,,0,,https://i.ytimg.com/vi/nTaTnfWfvr8/mqdefault.jpg,PH,Other
niCE3WQ8pZ8,other,Autonomic Dysfunction in Multiple Sclerosis - Dr. Mark Gudesblatt,no,,no,1596199282,2020-07-31 12:07:22,Dysautonomia International,UCO5M4DiVydA_cgNAlslUwNw,People & Blogs,,en,1124,33,,,0,,https://i.ytimg.com/vi/niCE3WQ8pZ8/mqdefault.jpg,PH,Other
G9FCNcsJcwU,other,Cardiologist Discusses Dysautonomia & POTS | Palm Beach Health Network,no,,no,1610457966,2021-01-12 13:01:06,Palm Beach Gardens Medical Center,UCmWq1zdXp-WrqPV--HQd7qA,Science & Technology,,en,83507,,,,0,,https://i.ytimg.com/vi/G9FCNcsJcwU/mqdefault.jpg,PH,Other
xAS8-33C_xA,other,POTS: Therapeutic Options: Blair Grubb  MD,no,,no,1595110813,2020-07-18 22:07:13,Dysautonomia International,UCO5M4DiVydA_cgNAlslUwNw,People & Blogs,,en,2879,87,,,0,,https://i.ytimg.com/vi/xAS8-33C_xA/mqdefault.jpg,PH,Other
bNXTJpdhmPI,other,What is PCOS  symptoms  causes  and available treatments,no,,no,1689951828,2023-07-21 15:07:48,DOCHealthChannel,UCXNAIK0r3J09zQbVuiAQlDA,People & Blogs,,,44,0,,,0,0,https://i.ytimg.com/vi/bNXTJpdhmPI/mqdefault.jpg,PH,Other
_y97VF5UJcc,other,Mental Health: In Our Own Words,no,,no,1412783190,2014-10-08 15:10:30,Mind  the mental health charity,UCarWBJYMNqJxgn6n8_htCTQ,Nonprofits & Activism,,en-GB,828899,6885,,,0,256,https://i.ytimg.com/vi/_y97VF5UJcc/mqdefault.jpg,PH,Other
E76-PgE14u0,other,Alzheimer‚Äôs Disease FTD and Parkinson‚Äôs Disease,no,,yes,1456001044,2016-02-20 20:02:04,University of California Television (UCTV),UCh6KFtW4a4Ozr81GI1cxaBQ,Education,,,34999,382,,,0,14,https://i.ytimg.com/vi/E76-PgE14u0/mqdefault.jpg,PH,Other
rlW2jXqfJdY,other,Can I Blind Guess Which Coffee is Mine?,no,,no,1690992044,2023-08-02 16:08:44,jacksepticeye,UCYzPXprvl5Y-Sf0g4vX-m6g,Entertainment,,en,349159,41144,,,0,1809,https://i.ytimg.com/vi/rlW2jXqfJdY/mqdefault.jpg,PH,Other
T6Zi3nwlY8c,other,‰∏ÄÊó•Âè™‰∏ÄÈ§ê„ÄåÈ£¢È§ìÈÜ´Â∏´„ÄçÂäâ‰πÇÈ≥¥ ÁúãÊùø‰∫∫Áâ© 20171126 (ÂÆåÊï¥Áâà),no,,no,1511846748,2017-11-28 05:11:48,TVBS ÂÑ™ÈÅ∏È†ªÈÅì,UCmgDmqjxbkqIXu4rNbrKodA,News & Politics,,zh-TW,2957943,20606,,,0,2107,https://i.ytimg.com/vi/T6Zi3nwlY8c/mqdefault.jpg,PH,Other
LpYwcTFVnv8,other,Healthy  (Nutrient) Wealthy and Wise: Diet for Healthy Aging - Research on Aging,yes,10,no,1443736469,2015-10-01 21:10:29,University of California Television (UCTV),UCh6KFtW4a4Ozr81GI1cxaBQ,Education,,en,2139342,26773,,,0,2445,https://i.ytimg.com/vi/LpYwcTFVnv8/mqdefault.jpg,PH,Other
kicBljKsUuE,other,Scientists Uncover How to Reverse Aging,no,,no,1646147727,2022-03-01 15:03:27,Sciencerely,UCKcFCFCbwDEiipcYvatGXcQ,Education,en-GB,en,751924,20451,,,0,1427,https://i.ytimg.com/vi/kicBljKsUuE/mqdefault.jpg,PH,Other
orJa62raA4w,other,Why Diet WON‚ÄôT Increase Your Lifespan! (LONGEVITY MYTHS) | Peter Attia,no,,no,1685008843,2023-05-25 10:05:43,Tom Bilyeu,UCnYMOamNKLGVlJgRUbamveA,News & Politics,,en,521577,9240,,,0,1206,https://i.ytimg.com/vi/orJa62raA4w/mqdefault.jpg,PH,Other
RwUs6pLo0ag,other,Dizziness and Vertigo  Part I - Research on Aging,no,,no,1492855202,2017-04-22 10:04:02,University of California Television (UCTV),UCh6KFtW4a4Ozr81GI1cxaBQ,Education,,en,3265969,33191,,,0,1448,https://i.ytimg.com/vi/RwUs6pLo0ag/mqdefault.jpg,PH,Other
wsLnPRUUGhQ,other,Living for Longevity: The Nutrition Connection - Research on Aging,no,,no,1365102235,2013-04-04 19:04:55,University of California Television (UCTV),UCh6KFtW4a4Ozr81GI1cxaBQ,Education,,en,526093,5887,,,0,383,https://i.ytimg.com/vi/wsLnPRUUGhQ/mqdefault.jpg,PH,Other
QCLcvR4fpMk,other,Eat These Ingredients to Slow The Aging Process | Naomi Whittel on Health Theory,no,,no,1554382807,2019-04-04 13:04:07,Tom Bilyeu,UCnYMOamNKLGVlJgRUbamveA,Education,,en,1736504,34081,,,0,2629,https://i.ytimg.com/vi/QCLcvR4fpMk/mqdefault.jpg,PH,Other
jQrkioHOJLs,other,The Science of Healthy Aging: Living Better  Not Just Longer,no,,yes,1267131126,2010-02-25 20:02:06,University of California Television (UCTV),UCh6KFtW4a4Ozr81GI1cxaBQ,Education,,en,281821,2565,,,0,121,https://i.ytimg.com/vi/jQrkioHOJLs/mqdefault.jpg,PH,Other
l9QO0JlnU8w,other,Anti-Aging Expert Explains How to Improve Your Diet and Lifestyle |¬†Kellyann¬†Petrucci,no,,no,1584018013,2020-03-12 13:03:13,Tom Bilyeu,UCnYMOamNKLGVlJgRUbamveA,Education,,en,319923,6835,,,0,493,https://i.ytimg.com/vi/l9QO0JlnU8w/mqdefault.jpg,PH,Other
GSkkBkMcwdY,other,REVERSE AGING: What To Eat & When To Eat For LONGEVITY | David Sinclair,no,,no,1634130443,2021-10-13 13:10:23,Dr Rangan Chatterjee,UCDnwlb3IQDPJtFysPUJbDFQ,Education,en-GB,en-GB,1328969,25880,,,0,2062,https://i.ytimg.com/vi/GSkkBkMcwdY/mqdefault.jpg,PH,Other
aLudkKzG9u4,other,#146 Check this Amazing Story of Recovery from Chronic Fatigue Syndrome,no,,no,1685411258,2023-05-30 01:05:38,Dr. Andrea Furlan,UCXnFys9ZXBE0uyDhKHUi-dA,Education,en,en,8733,326,,,0,57,https://i.ytimg.com/vi/aLudkKzG9u4/mqdefault.jpg,PH,Other
mIbuFX7DSlI,other,Dysautonomia & Brain Injury with Dr. Jeremy Schmoe | Hope Survives Brain Injury Podcast,no,,no,1612042764,2021-01-30 21:01:24,Cristabelle Braden,UCkUm0E5PYKw_c1XUjQ6kfxA,Education,,en,1166,38,,,0,1,https://i.ytimg.com/vi/mIbuFX7DSlI/mqdefault.jpg,PH,Other
Zqwnr4IlujI,other,Sjogren s: The Second Most Common Cause of Dysautonomia,no,,no,1681934985,2023-04-19 20:04:45,Dysautonomia International,UCO5M4DiVydA_cgNAlslUwNw,Nonprofits & Activism,,en,5347,179,,,0,,https://i.ytimg.com/vi/Zqwnr4IlujI/mqdefault.jpg,PH,Other
ETjp1rRGSnw,other,Dysautonomia Stories of Hope and Recovery,no,,no,1596029802,2020-07-29 13:07:42,Dysautonomia International,UCO5M4DiVydA_cgNAlslUwNw,People & Blogs,,en,3855,96,,,0,,https://i.ytimg.com/vi/ETjp1rRGSnw/mqdefault.jpg,PH,Other
yglgDgbZ2-Q,other,Pain Management in Dysautonomia,no,,no,1595543022,2020-07-23 22:07:42,Dysautonomia International,UCO5M4DiVydA_cgNAlslUwNw,People & Blogs,,en,687,24,,,0,,https://i.ytimg.com/vi/yglgDgbZ2-Q/mqdefault.jpg,PH,Other
9v6G-ksrtB4,other,Know Your Rights: Social Security Disability Insurance and Supplemental Security Income,no,,no,1668549882,2022-11-15 22:11:42,Dysautonomia International,UCO5M4DiVydA_cgNAlslUwNw,Nonprofits & Activism,,en,609,27,,,0,,https://i.ytimg.com/vi/9v6G-ksrtB4/mqdefault.jpg,PH,Other
Q5_BFnz-Gt4,other,Cancer  early warning signs,no,,no,1669238535,2022-11-23 21:11:15,Dr. John Campbell,UCF9IOB2TExg3QIBupFtBDxg,Education,en-GB,en-GB,1335893,40439,,,0,6264,https://i.ytimg.com/vi/Q5_BFnz-Gt4/mqdefault.jpg,PH,Other
1McQmXq7JHY,other,Cervical Cancer and Types of Cervical Cancer,no,,no,1689830985,2023-07-20 05:07:45,Healthy Life Essence,UCx66v7bpCfgyYUbuGpeMwiA,People & Blogs,,,3,0,,,0,0,https://i.ytimg.com/vi/1McQmXq7JHY/mqdefault.jpg,PH,Other
c7AK_HK3LhE,other,Candelaria Solorzano (Cervical Cancer) Medical Terminology Media Showcase,no,,no,1690765578,2023-07-31 01:07:18,Candy Solorzano,UCTcpxv7wvqTUOIUBL_O9-5g,People & Blogs,,,4,0,,,0,0,https://i.ytimg.com/vi/c7AK_HK3LhE/mqdefault.jpg,PH,Other
HVs6xrr905Y,other,Candelaria Solorzano (Cervical Cancer),no,,no,1690765725,2023-07-31 01:07:45,Candy Solorzano,UCTcpxv7wvqTUOIUBL_O9-5g,People & Blogs,,,3,0,,,0,0,https://i.ytimg.com/vi/HVs6xrr905Y/mqdefault.jpg,PH,Other
hvwxKMU1m38,other,Schizophrenia | What is Schizophrenia? Therapeutic Communication Nursing,no,,no,1662577227,2022-09-07 19:09:27,Simple Nursing,UCUxQWmWk1_Hk9iDRKvhH29Q,Education,en,en,229470,3318,,,0,104,https://i.ytimg.com/vi/hvwxKMU1m38/mqdefault.jpg,PH,Other
9nRHY3oIIeU,other,Stages and Types of Grief  Types of Comfort Care - Fundamentals of Nursing | @LevelUpRN,no,,no,1627489801,2021-07-28 16:07:01,Level Up RN,UCSlJ8BB17Ex9s4mrg7DEYCw,Education,,en,41957,1422,,,0,43,https://i.ytimg.com/vi/9nRHY3oIIeU/mqdefault.jpg,PH,Other
ovfTMNX4qM4,other,How to use decor molds on furniture 101,no,,no,1681650036,2023-04-16 13:04:36,Made by Marley,UCvAeb-rSBLp8ySkJTn-9VRw,Howto & Style,en-GB,en-GB,19442,1104,,,0,389,https://i.ytimg.com/vi/ovfTMNX4qM4/mqdefault.jpg,PH,Other
NLC2DiCET6U,other,Chauchau üçãÊ™∏Ê™¨ + ËúÇËúú Honey üçØ @ Chauchau Ë¨õÈ£≤Ë¨õÈ£üÁ≥ªÂàó,no,,no,1666327985,2022-10-21 04:10:05,Chauchau,UCHB4sq-hN9JotEOTm1-XoKA,People & Blogs,,,14353,113,,,0,5,https://i.ytimg.com/vi/NLC2DiCET6U/mqdefault.jpg,PH,Other
4J2zFq0MeAI,other,ÂÆ∂Â±ÖÊäóÁñ´ÊîªÁï• - ÂªÅÊâÄÊ™∏Ê™¨ÁÇ∏ÂΩà,no,,no,1596791814,2020-08-07 09:08:54,DSC YL,UCzcQC2GHMBLgVSYuZOlJd1Q,Music,,,41108,286,,,0,3,https://i.ytimg.com/vi/4J2zFq0MeAI/mqdefault.jpg,PH,Other
GYSlc2T4dZM,other,Medical Terminology Mental Health Disorders and Therapies,yes,9,no,1662653872,2022-09-08 16:09:52,Dr. A s Clinical Lab Videos,UCDNI0Nwnfs_iuarepi_c2dQ,Education,en,en-US,546,13,,,0,0,https://i.ytimg.com/vi/GYSlc2T4dZM/mqdefault.jpg,PH,Other
eCo0sDFaauU,other,The Neurobiological Impact of Psychological Trauma : Understanding the Impact of Trauma on the Brain,no,,no,1637496031,2021-11-21 12:11:31,Doc Snipes,UCAE3JJi8tX7gfhZEXCUGd_A,Education,en,en,338314,7181,,,0,823,https://i.ytimg.com/vi/eCo0sDFaauU/mqdefault.jpg,PH,Other
WcLro1FAsxo,other,Mental Health Terminology - WATCH FIRST! | NBCOT Exam Prep Course ‚Äî OT Dude Academy,no,,no,1653749108,2022-05-28 14:05:08,OT Dude,UCWJav6Sj6p2xcl-wJXasvRA,Education,en,en,3582,136,,,0,12,https://i.ytimg.com/vi/WcLro1FAsxo/mqdefault.jpg,PH,Other
sofzot08n-8,other,Medical Terminology Therapeutic Procedures for the Nervous System,no,,yes,1662653707,2022-09-08 16:09:07,Dr. A s Clinical Lab Videos,UCDNI0Nwnfs_iuarepi_c2dQ,Education,en,en-US,112,5,,,0,1,https://i.ytimg.com/vi/sofzot08n-8/mqdefault.jpg,PH,Other
6EAcTjUzhNI,other,Relaxation Techniques; Milieu  Group  and Behavioral Therapy | @LevelUpRN,no,,no,1628092804,2021-08-04 16:08:04,Level Up RN,UCSlJ8BB17Ex9s4mrg7DEYCw,Education,,en,39166,621,,,0,10,https://i.ytimg.com/vi/6EAcTjUzhNI/mqdefault.jpg,PH,Other
QiivC3iLZew,other,Medical Terminology | Lesson 8 | Nervous System  Cardiorespiratory and Endocrine Anatomy Terms,no,,no,1579528372,2020-01-20 13:01:52,JJ Medicine,UCFPvnkCZbHfBvV8ApBBE0vA,Education,,en,55015,1290,,,0,33,https://i.ytimg.com/vi/QiivC3iLZew/mqdefault.jpg,PH,Other
eGHMzhSYKIY,other,Pharmacology - Bipolar Drugs - Lithium  Valproic Acid  Carbamazepine nursing RN PN NCLEX,no,,no,1597285809,2020-08-13 02:08:09,Simple Nursing,UCUxQWmWk1_Hk9iDRKvhH29Q,Education,en,en,351504,4767,,,0,107,https://i.ytimg.com/vi/eGHMzhSYKIY/mqdefault.jpg,PH,Other
funxHok9qQo,other,‰∫§Â∞æ(„Éè„É≥„Éâ„Éö„Ç¢„É™„É≥„Ç∞ÔºâÁî£ÂçµÔºàÁî£Âçµ„Çª„ÉÉ„ÉàÁµÑ„ÅøÔΩûÂâ≤„ÇäÂá∫„ÅóÔºâ„ÄÄ„Éò„É©„ÇØ„É¨„Çπ„Ç™„Ç™„Ç´„Éñ„Éà,no,,no,1554612257,2019-04-07 04:04:17,„Éû„Çπ„ÇØ„ÄÅ,UChYWOUmqSzaIvuNWfA_wPgw,Pets & Animals,,,437315,1722,,,0,598,https://i.ytimg.com/vi/funxHok9qQo/mqdefault.jpg,PH,Other
Qz3KeK05SWM,other,ÊòÜËô´„Éê„Éà„É´„ÄÄ„Éã„Éõ„É≥„Éü„ÉÑ„Éê„ÉÅ√ó„Ç™„Ç™„Çπ„Ç∫„É°„Éê„ÉÅ,no,,no,1412490526,2014-10-05 06:10:46,PAPA KAZU,UC-aeaH_JLz3nAmqHV8BPKPg,Pets & Animals,,ja,2050763,3427,,,0,487,https://i.ytimg.com/vi/Qz3KeK05SWM/mqdefault.jpg,PH,Other
TaOuDUswfxw,other,MADDEN NFL 24 GAMEPLAY FIRST LOOK | Josh Allen vs Patrick Mahomes | Bills vs Chiefs,no,,no,1690988408,2023-08-02 15:08:08,EA SPORTS MADDEN NFL,UCPpddbTbOr_uWWQT9Pw1rbA,Gaming,,en,129929,3226,,,0,730,https://i.ytimg.com/vi/TaOuDUswfxw/mqdefault.jpg,PH,Other
8h6BLFUkbeM,other,Dead by Daylight | Alien | Teaser,no,,no,1690902010,2023-08-01 15:08:10,Dead by Daylight,UCaSgsFdGbwjfdawl3rOXiwQ,Gaming,,en,973610,69477,,,0,8707,https://i.ytimg.com/vi/8h6BLFUkbeM/mqdefault.jpg,PH,Other
8d7jsX948QI,other,Plastic Chemicals Killing Humans?,yes,1,no,1634651680,2021-10-19 13:10:40,Doctor Mike Hansen,UCMSsLqxqvZsNXi0Z-VjN89A,Education,en,en,195607,6588,,,0,700,https://i.ytimg.com/vi/8d7jsX948QI/mqdefault.jpg,PH,Other
1RDc2opwg0I,other,The Plastic Problem - A PBS NewsHour Documentary,no,,no,1574906411,2019-11-28 02:11:11,PBS NewsHour,UC6ZFN9Tx6xh-skXCuRHCDpQ,News & Politics,en,en,2711854,17388,,,0,,https://i.ytimg.com/vi/1RDc2opwg0I/mqdefault.jpg,PH,Other
mdlN3wXoGkQ,other,Why ExxonMobil  Sinopec and Dow Are Betting On Plastic,no,,no,1643468426,2022-01-29 15:01:26,CNBC,UCvJJ_dzjViJCoLf5uKUTwoA,News & Politics,,en,158398,3171,,,0,368,https://i.ytimg.com/vi/mdlN3wXoGkQ/mqdefault.jpg,PH,Other
ECktiqkkhtQ,other,Dieting is a Scam - Weight Loss Doctor Explains,no,,no,1685378386,2023-05-29 16:05:46,Doctor Mike Hansen,UCMSsLqxqvZsNXi0Z-VjN89A,Education,en,en,20019,867,,,0,66,https://i.ytimg.com/vi/ECktiqkkhtQ/mqdefault.jpg,PH,Other
-XuGx0i5pvo,other,Lose Belly Fat EXTREMELY Fast,no,,no,1656065700,2022-06-24 10:06:00,Dr. Sten Ekberg,UCIe2pR6PE0dae9BunJ38F7w,Education,en,en,1943495,87928,,,0,3022,https://i.ytimg.com/vi/-XuGx0i5pvo/mqdefault.jpg,PH,Other
SsSHzTsG4wY,other,Doctor Explains the Latest Vegan vs Keto Head to Head Study,no,,no,1613595073,2021-02-17 20:02:13,Medlife Crisis,UCgRBRE1DUP2w7HTH9j_L4OQ,Education,en-GB,en-GB,626074,29590,,,0,5760,https://i.ytimg.com/vi/SsSHzTsG4wY/mqdefault.jpg,PH,Other
66hWntvp0_4,other,Doctor Tim Spector: The Shocking New Truth About Weight Loss  Calories & Diets | E209,no,,no,1672646403,2023-01-02 08:01:03,The Diary Of A CEO,UCGq-a57w-aPwyi3pW7XLiHw,Science & Technology,,en,3582443,97996,,,0,8585,https://i.ytimg.com/vi/66hWntvp0_4/mqdefault.jpg,PH,Other
EtLNHvC4aUw,other,Debunking Gary Taubes and The Case for Keto,no,,no,1612298191,2021-02-02 20:02:31,Plant Chompers,UCfaLzWu44t7TrOMxf5n2dYw,Science & Technology,,,127335,4041,,,0,1845,https://i.ytimg.com/vi/EtLNHvC4aUw/mqdefault.jpg,PH,Other
K4Ze-Sp6aUE,other,Dr Layne Norton: The Science of Eating for Health  Fat Loss & Lean Muscle | Huberman Lab Podcast #97,no,,no,1667826021,2022-11-07 13:11:21,Andrew Huberman,UC2D2CMWXMOVWx7giW1n3LIg,Science & Technology,en,en,3525326,43798,,,0,2315,https://i.ytimg.com/vi/K4Ze-Sp6aUE/mqdefault.jpg,PH,Other
pS7qTxVXQgw,other,6 Healthy Dinner Ideas For Weight Loss,no,,no,1562584802,2019-07-08 11:07:02,TheSeriousfitness,UCr_-k8z6_RKKxkjWkt8RFvA,Howto & Style,,en-US,7578596,66984,,,0,924,https://i.ytimg.com/vi/pS7qTxVXQgw/mqdefault.jpg,PH,Other
kzxuiF9naqM,other,Introduction to Cardiovascular Physiology: What People with Dysautonomia Should Know by Heart,no,,no,1683561197,2023-05-08 15:05:17,Dysautonomia International,UCO5M4DiVydA_cgNAlslUwNw,Nonprofits & Activism,,en,1117,46,,,0,,https://i.ytimg.com/vi/kzxuiF9naqM/mqdefault.jpg,PH,Other
Bx6RhKsSsEQ,other,What Does An Elevated Heart Rate After A Brain Injury Tell Us?,no,,no,1627915104,2021-08-02 14:08:24,Nathan Keiser,UCauRzz7tFpp8IJne55r3Qig,Education,,en-US,102,4,,,0,0,https://i.ytimg.com/vi/Bx6RhKsSsEQ/mqdefault.jpg,PH,Other
KUG_-nT5qac,other,Infertility  Causes and Diagnostic test.,no,,no,1689954957,2023-07-21 15:07:57,FertilityConnect,UCNBNByJ_dPVe0mXyYCADXyQ,People & Blogs,,en,43,7,,,0,2,https://i.ytimg.com/vi/KUG_-nT5qac/mqdefault.jpg,PH,Other
7WXUSJYWr9E,other,i-Bougie Animation,no,,no,1569334286,2019-09-24 14:09:26,HABEL Medizintechnik,UCqMEJIPYhBvojdejmP8CMqg,Science & Technology,,,251675,2720,,,0,22,https://i.ytimg.com/vi/7WXUSJYWr9E/mqdefault.jpg,PH,Other
IN-BTZ44Z08,other,Anatomy and Physiology Review of the Senses the Eye,no,,yes,1662659586,2022-09-08 17:09:06,Dr. A s Clinical Lab Videos,UCDNI0Nwnfs_iuarepi_c2dQ,Education,en,en-US,167,5,,,0,0,https://i.ytimg.com/vi/IN-BTZ44Z08/mqdefault.jpg,PH,Other
ydz3TqW7nm0,other,Blood Group Inheritance,no,,yes,1665775600,2022-10-14 19:10:40,Dr. A s Clinical Lab Videos,UCDNI0Nwnfs_iuarepi_c2dQ,Education,en,en-US,1343,29,,,0,6,https://i.ytimg.com/vi/ydz3TqW7nm0/mqdefault.jpg,PH,Other
_oI0jVN4TTI,other,Your Immune System 101: Introduction to Clinical Immunology,no,,no,1307055120,2011-06-02 22:06:00,University of California Television (UCTV),UCh6KFtW4a4Ozr81GI1cxaBQ,Education,,,357284,3918,,,0,233,https://i.ytimg.com/vi/_oI0jVN4TTI/mqdefault.jpg,PH,Other
mFNxXfwlP3A,other,Basic Immunology: Nuts and Bolts of the Immune System,no,,yes,1311279359,2011-07-21 20:07:59,University of California Television (UCTV),UCh6KFtW4a4Ozr81GI1cxaBQ,Education,,en,1659189,12225,,,0,574,https://i.ytimg.com/vi/mFNxXfwlP3A/mqdefault.jpg,PH,Other
O_C5Q0mPBT0,other,‚ú®Top 13 Vitamin D Deficiency Symptoms You NEED to Know // Signs of Vitamin D Deficiency,yes,2,no,1635642478,2021-10-31 01:10:58,DailyHealthPost,UC6BANpmeFASZy5yoTAr8mSQ,Education,en,en,64779,995,,,0,39,https://i.ytimg.com/vi/O_C5Q0mPBT0/mqdefault.jpg,PH,Other
Y4ASN8VXuL8,other,Vitamin D reduces autoimmune disease,no,,no,1653834517,2022-05-29 14:05:37,Dr. John Campbell,UCF9IOB2TExg3QIBupFtBDxg,Education,en-GB,en-GB,505339,19373,,,0,2919,https://i.ytimg.com/vi/Y4ASN8VXuL8/mqdefault.jpg,PH,Other
KsWSIFnT1Rs,other,Moet iedereen in de winter vitamine D slikken?,no,,no,1519369200,2018-02-23 07:02:00,Universiteit van Vlaanderen,UC7WpOKbKfzOOnD0PyUN_SYg,Education,,nl,304413,1703,,,0,190,https://i.ytimg.com/vi/KsWSIFnT1Rs/mqdefault.jpg,PH,Other
H3gUapGJQO8,other,Does Vitamin D Influence Mood?,no,,no,1611002179,2021-01-18 20:01:19,Healthcare Triage,UCabaQPYxxKepWUsEVQMT4Kw,Education,en,en,68569,2336,,,0,273,https://i.ytimg.com/vi/H3gUapGJQO8/mqdefault.jpg,PH,Other
eVFICYDjReE,other,Vitamin D,no,,no,1598333401,2020-08-25 05:08:01,Dr Matt & Dr Mike,UCH6Oc4MAJzzmK0SM805ZnjQ,Education,,en,365729,5630,,,0,450,https://i.ytimg.com/vi/eVFICYDjReE/mqdefault.jpg,PH,Other
LfZpLllgd5Q,other,Vitamins D and K2,no,,no,1614882509,2021-03-04 18:03:29,Dr. John Campbell,UCF9IOB2TExg3QIBupFtBDxg,Education,en-GB,en-GB,2446527,38933,,,0,5333,https://i.ytimg.com/vi/LfZpLllgd5Q/mqdefault.jpg,PH,Other
jUoTwgTKFDc,other,Top Tell Tale Signs You‚Äôre Deficient in Vitamin D,no,,no,1580345100,2020-01-30 00:01:00,Thomas DeLauer,UC70SrI3VkT1MXALRtf0pcHg,People & Blogs,,,69483,2934,,,0,322,https://i.ytimg.com/vi/jUoTwgTKFDc/mqdefault.jpg,PH,Other
y7cr1VhtVvg,other,‡¥∂‡¥∞‡µÄ‡¥∞‡¥Ç ‡¥ï‡¥æ‡¥£‡¥ø‡¥ö‡µç‡¥ö ‡¥≤‡¥ï‡µç‡¥∑‡¥£‡¥ô‡µç‡¥ô‡µæ ‡¥Ö‡¥µ‡¥ó‡¥£‡¥ø‡¥ö‡µç‡¥ö‡¥™‡µç‡¥™‡µã‡µæ ‡¥∏‡¥Ç‡¥≠‡¥µ‡¥ø‡¥ö‡µç‡¥ö‡¥§‡µç | My Vitamin D deficiency Story,no,,no,1586334612,2020-04-08 08:04:12,MommaCool,UCiYJN7P9TBGVqZm3q06FAXw,People & Blogs,,,1817127,19211,,,0,220,https://i.ytimg.com/vi/y7cr1VhtVvg/mqdefault.jpg,PH,Other
koVR2ahhc5Q,other,Vitamin D Deficiency Signs & Symptoms (ex. Fatigue)  Diagnosis  Treatment,no,,no,1597796409,2020-08-19 00:08:09,JJ Medicine,UCFPvnkCZbHfBvV8ApBBE0vA,Education,,en,208961,2021,,,0,218,https://i.ytimg.com/vi/koVR2ahhc5Q/mqdefault.jpg,PH,Other
X9EYtKXCdaQ,other,This is the WORST Form of Vitamin D (Use THIS Instead),no,,no,1652711506,2022-05-16 14:05:46,Thomas DeLauer,UC70SrI3VkT1MXALRtf0pcHg,People & Blogs,,en-US,712504,16296,,,0,1413,https://i.ytimg.com/vi/X9EYtKXCdaQ/mqdefault.jpg,PH,Other
5zPlAsPT91w,other,10 NEVJEROJATNIH ZDRAVSTVENIH BLAGODATI VITAMINA D!,no,,yes,1653503410,2022-05-25 18:05:10,MarioLAB,UCgyx8WXM9dLUN5J3GyQX5Mg,Education,hr,hr,17262,811,,,0,55,https://i.ytimg.com/vi/5zPlAsPT91w/mqdefault.jpg,PH,Other
ey-ZGXwkv74,other,Are You in Need of Vitamin D? Everything to Know and More!,no,,no,1570544267,2019-10-08 14:10:47,Thomas DeLauer,UC70SrI3VkT1MXALRtf0pcHg,People & Blogs,,,65388,3042,,,0,297,https://i.ytimg.com/vi/ey-ZGXwkv74/mqdefault.jpg,PH,Other
4xFaYS-k8r8,other,Intermittent Fasting‚Äôs Darkest Secret,no,,no,1665508473,2022-10-11 17:10:33,Doctor Mike Hansen,UCMSsLqxqvZsNXi0Z-VjN89A,Education,en,en,1278258,35189,,,0,2241,https://i.ytimg.com/vi/4xFaYS-k8r8/mqdefault.jpg,PH,Other
SQ32_2g6pHY,other,What Your Doctor Won t tell you about Saturated Fat ?,no,,no,1666455301,2022-10-22 16:10:01,Doctor Mike Hansen,UCMSsLqxqvZsNXi0Z-VjN89A,Education,en,en,120553,5271,,,0,695,https://i.ytimg.com/vi/SQ32_2g6pHY/mqdefault.jpg,PH,Other
uspzloRQShM,other,CFS Symptoms: List will shock & surprise you,no,,no,1536213607,2018-09-06 06:09:07,CFS Unravelled,UCwRa87XaPffBj-kws1wpG0w,Education,,en-US,84394,3301,,,0,470,https://i.ytimg.com/vi/uspzloRQShM/mqdefault.jpg,PH,Other
YH1wn3D9HNg,other,The mysterious disease that affects millions of people worldwide | DW Documentary,no,,no,1649347217,2022-04-07 16:04:17,DW Documentary,UCW39zufHfsuGgpLviKh297Q,Education,,en,2803415,30059,,,0,7758,https://i.ytimg.com/vi/YH1wn3D9HNg/mqdefault.jpg,PH,Other
7FhG_GhULfU,other,SWEET DEATH: How Sugar Is Making Us SICK! | Dr. Mark Hyman,no,,no,1672408804,2022-12-30 14:12:04,Mark Hyman  MD,UC5IuDMmKWSsBFB0iKky6aEQ,Entertainment,,en,104690,3977,,,0,352,https://i.ytimg.com/vi/7FhG_GhULfU/mqdefault.jpg,PH,Other
yOA90aWZlkk,other,The WORST Intermittent Fasting Mistakes That Lead To WEIGHT GAIN | Dr. Mindy Pelz,no,,no,1684846843,2023-05-23 13:05:43,Tom Bilyeu,UCnYMOamNKLGVlJgRUbamveA,News & Politics,,en,1174970,24383,,,0,2203,https://i.ytimg.com/vi/yOA90aWZlkk/mqdefault.jpg,PH,Other
v85Zf0DxTbU,other,The BIGGEST Health Epidemic Making Us Sick! (FOOD INDUSTRY LIES),no,,no,1677247237,2023-02-24 14:02:37,Mark Hyman  MD,UC5IuDMmKWSsBFB0iKky6aEQ,Entertainment,,en,209357,4205,,,0,684,https://i.ytimg.com/vi/v85Zf0DxTbU/mqdefault.jpg,PH,Other
pcU0eEkV7Eg,other,Metabolical: The Lure and the Lies of Processed Food  Nutrition  and Modern Medicine.,no,,no,1621376381,2021-05-18 22:05:41,Commonwealth Club of California,UC78euTMh9KcVbql3UeWOqBw,News & Politics,,en,456268,9341,,,0,1002,https://i.ytimg.com/vi/pcU0eEkV7Eg/mqdefault.jpg,PH,Other
2-qq2Tzl5nM,other,BIG FOOD  BIG SUGAR & How They Affect Our METABOLIC HEALTH Today | Dr. Robert Lustig & Ben Grynol,no,,no,1650538873,2022-04-21 11:04:13,Levels,UClwMr26t47qS1L9S59P35Mg,People & Blogs,,en-US,22226,793,,,0,48,https://i.ytimg.com/vi/2-qq2Tzl5nM/mqdefault.jpg,PH,Other
Fxd454cNu4w,other,How Ultra-Processed Foods Is Slowly KILLING US - Stop Eating This To LIVE LONGER! | Dr. Mark Hyman,no,,no,1677070817,2023-02-22 13:02:17,Dr Rangan Chatterjee,UCDnwlb3IQDPJtFysPUJbDFQ,Education,en-GB,en-GB,372655,4804,,,0,334,https://i.ytimg.com/vi/Fxd454cNu4w/mqdefault.jpg,PH,Other
PiNRp3WaeVk,other,Fatty Liver: The Silent Epidemic,no,,no,1581093901,2020-02-07 16:02:01,University of California Television (UCTV),UCh6KFtW4a4Ozr81GI1cxaBQ,Education,,en,710151,8792,,,0,606,https://i.ytimg.com/vi/PiNRp3WaeVk/mqdefault.jpg,PH,Other
13Jid-W-kEk,other,Âä†Â∑•È£üÂìÅÁúüÁöÑ‰∏ÄÁÑ°ÊòØËôïÂóéÔºü‰∏Ä‰∫õÂÅ•Â∫∑ÁöÑÂä†Â∑•È£üÂìÅ,no,,no,1689895184,2023-07-20 23:07:44,ÂÅ•Â∫∑ÁöÑÁîüÂëΩ‰πãËä±,UCA2HH50Yr8oQt_TtUksXXXw,Education,,zh-Hans,11,0,,,0,0,https://i.ytimg.com/vi/13Jid-W-kEk/mqdefault.jpg,PH,Other
ZrnD1n7zw7M,other,Building Fire Causes Total Loss On Farm,no,,no,1690994589,2023-08-02 16:08:09,Laura Farms,UCA1y-4TJdVEcSMWN9OZfGSA,Science & Technology,,en-US,267601,17956,,,0,1551,https://i.ytimg.com/vi/ZrnD1n7zw7M/mqdefault.jpg,PH,Other
49exTm6FsBI,other,How To Naturally Treat Adenomyosis At Home. (Must Share),yes,6,no,1681278289,2023-04-12 05:04:49,The Guiding Shrink,UCay4IIz4P4KthWhc_54ar9Q,Howto & Style,en,en,40,2,,,0,1,https://i.ytimg.com/vi/49exTm6FsBI/mqdefault.jpg,PH,Other
28rxCOEbemE,other,The BEST Way to Clear Out Your Arteries,no,,no,1685883471,2023-06-04 12:06:51,DailyHealthPost,UC6BANpmeFASZy5yoTAr8mSQ,Howto & Style,,en,484384,10541,,,0,288,https://i.ytimg.com/vi/28rxCOEbemE/mqdefault.jpg,PH,Other
rJPWqbxjGV8,other,TRUTH about Clogged Arteries in Your Heart | Reverse Your Clogged Arteries & Prevent Heart Disease,no,,no,1687265926,2023-06-20 12:06:46,DailyHealthPost,UC6BANpmeFASZy5yoTAr8mSQ,Howto & Style,,en,6641,317,,,0,11,https://i.ytimg.com/vi/rJPWqbxjGV8/mqdefault.jpg,PH,Other
qJXKhu5UZwk,other,The Science of How to Optimize Testosterone & Estrogen | Huberman Lab Podcast #15,no,,no,1618228813,2021-04-12 12:04:13,Andrew Huberman,UC2D2CMWXMOVWx7giW1n3LIg,Science & Technology,en-US,en-US,1749233,45687,,,0,2711,https://i.ytimg.com/vi/qJXKhu5UZwk/mqdefault.jpg,PH,Other
aAysDp5fNDM,other,#1 Absolute Best Way To Lower Blood Sugar,no,,no,1683281880,2023-05-05 10:05:00,Dr. Sten Ekberg,UCIe2pR6PE0dae9BunJ38F7w,Education,en,en,1268320,31412,,,0,1302,https://i.ytimg.com/vi/aAysDp5fNDM/mqdefault.jpg,PH,Other
Z4Ug2ONxgYw,other,#1 Absolute Best Way To HEAL Your THYROID,no,,no,1656670502,2022-07-01 10:07:02,Dr. Sten Ekberg,UCIe2pR6PE0dae9BunJ38F7w,Education,en,en,2063022,62363,,,0,2906,https://i.ytimg.com/vi/Z4Ug2ONxgYw/mqdefault.jpg,PH,Other
gwy2r6o3Nso,other,#1 Absolute Best Way To Extend A Fast & Boost Autophagy,no,,no,1685701080,2023-06-02 10:06:00,Dr. Sten Ekberg,UCIe2pR6PE0dae9BunJ38F7w,Education,en,en,369888,15726,,,0,1122,https://i.ytimg.com/vi/gwy2r6o3Nso/mqdefault.jpg,PH,Other
SHGRd6haQ28,other,Everything YOU need to know about Adenomyosis,no,,no,1681419075,2023-04-13 20:04:15,Dr Nighat Arif,UCF2A_mtIiBEQoDx1m8k3Dwg,People & Blogs,,,102,2,,,0,1,https://i.ytimg.com/vi/SHGRd6haQ28/mqdefault.jpg,PH,Other
Vuf6dVhb8c8,other,Is Stage 1 Prostate Cancer Curable,no,,no,1689917395,2023-07-21 05:07:55,Gressie Thomson,UCTo_zwkCUPMHk_gvW2ewBdg,People & Blogs,,,4,1,,,0,0,https://i.ytimg.com/vi/Vuf6dVhb8c8/mqdefault.jpg,PH,Other
juwZsWZNtV8,other,„É§„Éû„Éì„É´„ÅÆÁèæÁä∂„Å®ÂØæÂá¶Ê≥ï,no,,no,1275384205,2010-06-01 09:06:25,arai snow,UCDtAfmY3HAjAyL7EOBl2SLg,Howto & Style,,,744321,1166,,,0,411,https://i.ytimg.com/vi/juwZsWZNtV8/mqdefault.jpg,PH,Other
3oBvqQsRfq0,other,Do You Need Sugar To Live - Quit Sugar,no,,no,1652971500,2022-05-19 14:05:00,Doctor Mike Hansen,UCMSsLqxqvZsNXi0Z-VjN89A,Education,en,en,91090,4395,,,0,397,https://i.ytimg.com/vi/3oBvqQsRfq0/mqdefault.jpg,PH,Other
gxXxNcTK7bw,other,Can you trust ozempic or mounjaro from a compounding pharmacy,no,,no,1686174177,2023-06-07 21:06:57,Doctor Mike Hansen,UCMSsLqxqvZsNXi0Z-VjN89A,Education,en,en,17432,662,,,0,64,https://i.ytimg.com/vi/gxXxNcTK7bw/mqdefault.jpg,PH,Other
Nf7uLBqes6E,other,Pomegranates: A SUPER Fruit For Insulin Resistance  Weight & BP!,no,,no,1639314015,2021-12-12 13:12:15,SugarMD,UCGGc50eoC865DeHvGHIbV0w,Education,,en,145597,5533,,,0,372,https://i.ytimg.com/vi/Nf7uLBqes6E/mqdefault.jpg,PH,Other
Vy3inllNOoY,other,This SWEETENER Reduces Blood Sugar (pretty quick),no,,no,1652106989,2022-05-09 14:05:29,Thomas DeLauer,UC70SrI3VkT1MXALRtf0pcHg,People & Blogs,,en-US,526444,13831,,,0,899,https://i.ytimg.com/vi/Vy3inllNOoY/mqdefault.jpg,PH,Other
jROu0Mo3A9M,other,Artificial Sweeteners: Monk Fruit  Stevia  Erythritol & Xylitol ‚Äì Dr. Berg,no,,yes,1528027239,2018-06-03 12:06:39,Dr. Eric Berg DC,UC3w193M5tYPJqF0Hi-7U-2g,Education,en,en,1165371,46660,,,0,2416,https://i.ytimg.com/vi/jROu0Mo3A9M/mqdefault.jpg,PH,Other
CYfqvTZWilw,other,Ultimate Guide to Low Carb Sweeteners | Blood Testing | Be Sure to Avoid These 3!!,no,,yes,1511708400,2017-11-26 15:11:00,Keto Connect,UCzRYivTpUQ0r2qPPjfLoQiA,People & Blogs,,en-US,2446035,63299,,,0,7020,https://i.ytimg.com/vi/CYfqvTZWilw/mqdefault.jpg,PH,Other
IH8wCBrTAUs,other,Sugar Substitute Grocery Haul - The Best Sweeteners To Buy & What To Avoid!,no,,no,1556975947,2019-05-04 13:05:07,FlavCity with Bobby Parrish,UCnq1w-56tAvMdDup-CL6Vtg,Howto & Style,en,en,536252,16273,,,0,1249,https://i.ytimg.com/vi/IH8wCBrTAUs/mqdefault.jpg,PH,Other
7GYLjlfbIIQ,other,The HEALTHIEST Sugar Free Sweeteners At The Grocery Store - Monk Fruit  Stevia  & More!,no,,no,1580392241,2020-01-30 13:01:41,FlavCity with Bobby Parrish,UCnq1w-56tAvMdDup-CL6Vtg,Howto & Style,en,en,536463,18668,,,0,1096,https://i.ytimg.com/vi/7GYLjlfbIIQ/mqdefault.jpg,PH,Other
b59IQM1dAb4,other,How to Naturally Lower Cortisol Level (Stress Hormone),no,,no,1680081657,2023-03-29 09:03:57,The Guiding Shrink,UCay4IIz4P4KthWhc_54ar9Q,Howto & Style,en,en,43,3,,,0,1,https://i.ytimg.com/vi/b59IQM1dAb4/mqdefault.jpg,PH,Other
Dq_fcFoE3Ds,other,Myths about Hormones,no,,no,1689882374,2023-07-20 19:07:14,Myth Buster,UCg3XcNKZQJnr_r6B9ZGUXKA,People & Blogs,,,0,0,,,0,0,https://i.ytimg.com/vi/Dq_fcFoE3Ds/mqdefault.jpg,PH,Other
cPyFIvCvh8U,other,What Happens to Your Body When You Quit Sugar for 14 Days,no,,no,1665925219,2022-10-16 13:10:19,Dr. Eric Berg DC,UC3w193M5tYPJqF0Hi-7U-2g,Education,en-US,en-US,13812697,240221,,,0,16589,https://i.ytimg.com/vi/cPyFIvCvh8U/mqdefault.jpg,PH,Other
IJERJAn8Brc,other,Is BONE BROTH Good For You? Here Is the SHOCKING Truth! | D. Steven Gundry,no,,no,1665940628,2022-10-16 17:10:08,The Dr. Gundry Podcast,UCtxo0nTZjzlKJq5-vJq6s6g,Entertainment,,en,247797,5514,,,0,570,https://i.ytimg.com/vi/IJERJAn8Brc/mqdefault.jpg,PH,Other
XXlE1twu2-0,other,ÂçóÁìúÊøÉÊπØ|‰∏çÂä†ÈÆÆÂ•∂Ê≤π‰πüOK!‰∏âÊ≠•È©üËºïÈ¨ÜÂÆåÊàê!,no,,no,1685182520,2023-05-27 10:05:20,A3ventures,UCM_EfY-bLBIO8SUN0Y5y3kA,Howto & Style,,zh-TW,20469,192,,,0,6,https://i.ytimg.com/vi/XXlE1twu2-0/mqdefault.jpg,PH,Other
8kYr623ky34,other,100ÂÜÜ„Ç∑„Éß„ÉÉ„Éó„ÅÆÂúü„Å´ÂÜÖËáì„ÇíËêΩ„Å®„Åô„Å®‚Ä¶„É§„Éê„Åô„Åé„Åü‚Ä¶,no,,no,1616930100,2021-03-28 11:03:00,„Éò„Éì„Éï„É≠„ÉÉ„Ç∞ch,UCD9Rctu_iqX1DP35iSm2e-Q,Education,ja,ja,3077354,36962,,,0,2030,https://i.ytimg.com/vi/8kYr623ky34/mqdefault.jpg,PH,Other
ieQ3zfEKnsE,other,Reconnecting with Your Inner Child | Codependency Self Help Week 6 | CBT Recovery Series,no,,no,1689696007,2023-07-18 16:07:07,Doc Snipes,UCAE3JJi8tX7gfhZEXCUGd_A,Education,en,en,1848,152,,,0,9,https://i.ytimg.com/vi/ieQ3zfEKnsE/mqdefault.jpg,PH,Other
dUbkn_cmTrU,other,5 Most Common Unwanted Thoughts and How to Stop Them | CBT Self Help Tools,no,,no,1689602411,2023-07-17 14:07:11,Doc Snipes,UCAE3JJi8tX7gfhZEXCUGd_A,Education,en,en,2129,170,,,0,6,https://i.ytimg.com/vi/dUbkn_cmTrU/mqdefault.jpg,PH,Other
heKV1HGZ5Lg,other,Post Concussion Headaches (6 Types Explained) | Cognitive FX,no,,no,1603300579,2020-10-21 17:10:19,Cognitive FX,UCEKNDpmHUduo0IbQoTA5Fbg,Science & Technology,en,en-US,14187,273,,,0,33,https://i.ytimg.com/vi/heKV1HGZ5Lg/mqdefault.jpg,PH,Other
i-rRipHMZ5Q,other,Crisis Resource Management - Viva Boot Camp for the Final ANZCA exam,no,,no,1613336407,2021-02-14 21:02:07,ABCs of Anaesthesia,UCs1fy2n5Ey0c9VZRBL7UCsg,Education,,en,1507,24,,,0,2,https://i.ytimg.com/vi/i-rRipHMZ5Q/mqdefault.jpg,PH,Other
qESl2DqrULQ,other,Medical Terminology | The Basics and Anatomy | Practice Problems Set 6,no,,no,1603977302,2020-10-29 13:10:02,JJ Medicine,UCFPvnkCZbHfBvV8ApBBE0vA,Education,,en,16388,441,,,0,22,https://i.ytimg.com/vi/qESl2DqrULQ/mqdefault.jpg,PH,Other
bTwI4AUZS8g,other,Mood Stabilizers and Anxiolytics Mnemonics (Memorable Psychopharmacology Lectures 5 & 6),no,,no,1400263532,2014-05-16 18:05:32,Memorable Psychiatry and Neurology,UCmPnj4g6i8cY6FVNDRB9q0Q,People & Blogs,,,336884,3023,,,0,100,https://i.ytimg.com/vi/bTwI4AUZS8g/mqdefault.jpg,PH,Other
K94_xuqw9GE,other,Mental Status Exam Mnemonics (Memorable Psychiatry Lecture),no,,no,1630530796,2021-09-01 21:09:16,Memorable Psychiatry and Neurology,UCmPnj4g6i8cY6FVNDRB9q0Q,Education,en,en,109512,1904,,,0,20,https://i.ytimg.com/vi/K94_xuqw9GE/mqdefault.jpg,PH,Other
Z3PWKpJHbTQ,other,Á´ûÈÄâDay6 | Ë∞ÅÊòØ‰∏§Â§ßÈòµËê•ÊúÄÂ§ßËΩØËÇãÔºüÊ≤ôÂä™Ë•øËµõÂ§´‰∏Å‚ÄúËÆ©Â≠êÂºπÈ£û‚Äù,no,,no,1691061870,2023-08-03 11:08:30,ÁôæÊ†º Pocketimes,UCKC1q1zc_CG2MtOCEHNUt1Q,News & Politics,zh-Hans,zh,3616,90,,,0,0,https://i.ytimg.com/vi/Z3PWKpJHbTQ/mqdefault.jpg,PH,Other
VEn7MsL9Bjo,other,Why are BLOOD CLOTS so DANGEROUS right NOW?,no,,no,1674583207,2023-01-24 18:01:07,Doctor Mike Hansen,UCMSsLqxqvZsNXi0Z-VjN89A,Education,en,en,33393,1322,,,0,291,https://i.ytimg.com/vi/VEn7MsL9Bjo/mqdefault.jpg,PH,Other
WStcgglOrn0,other,4 Stages of Adenomyosis #shorts #adenomyosis #heavyperiods,no,,no,1682517072,2023-04-26 13:04:12,Medhya Herbals,UCvwjI46VM1y2YJQ56BnFMRA,Education,,en,389,3,,,0,0,https://i.ytimg.com/vi/WStcgglOrn0/mqdefault.jpg,PH,Other
YD5RPQcHEck,other,Anterior mediastinal mass and Anaesthesia - traps and myths,no,,no,1638850305,2021-12-07 04:12:45,ABCs of Anaesthesia,UCs1fy2n5Ey0c9VZRBL7UCsg,Education,en,en,2334,39,,,0,2,https://i.ytimg.com/vi/YD5RPQcHEck/mqdefault.jpg,PH,Other
eFIN54Xpt5A,other,Obstetrics and anaesthesia - Live anaesthesia exam demo viva,no,,yes,1620078428,2021-05-03 21:05:08,ABCs of Anaesthesia,UCs1fy2n5Ey0c9VZRBL7UCsg,Education,,en,6806,144,,,0,14,https://i.ytimg.com/vi/eFIN54Xpt5A/mqdefault.jpg,PH,Other
9-lSNwqjrLw,other,The primary exam as a mum - the challenges and strategies for success | #anaesthesiacoffeebreak,no,,no,1669509909,2022-11-27 00:11:09,ABCs of Anaesthesia,UCs1fy2n5Ey0c9VZRBL7UCsg,Education,en,en,682,17,,,0,0,https://i.ytimg.com/vi/9-lSNwqjrLw/mqdefault.jpg,PH,Other
SQKAVVYnDSE,other,Part 2 Final Exam Viva Demonstration - The stroke patient with Rao,no,,yes,1632826829,2021-09-28 11:09:29,ABCs of Anaesthesia,UCs1fy2n5Ey0c9VZRBL7UCsg,Education,en,en,3238,46,,,0,2,https://i.ytimg.com/vi/SQKAVVYnDSE/mqdefault.jpg,PH,Other
Tru57g20Zwk,other,The complete interview theory guide for your medical job applications | #anesthesia #anesthesiology,no,,no,1686855624,2023-06-15 19:06:24,ABCs of Anaesthesia,UCs1fy2n5Ey0c9VZRBL7UCsg,Education,en,en,1357,30,,,0,0,https://i.ytimg.com/vi/Tru57g20Zwk/mqdefault.jpg,PH,Other
iWfBtxz1BGQ,other,Critical Anaesthesia Inductions,no,,no,1604267007,2020-11-01 21:11:27,ABCs of Anaesthesia,UCs1fy2n5Ey0c9VZRBL7UCsg,Education,,en,3077,82,,,0,1,https://i.ytimg.com/vi/iWfBtxz1BGQ/mqdefault.jpg,PH,Other
vYBxoS7x_80,other,Difficult Intubation on a Shoulder Surgery Table - Crash course with Dr. Hadzic,no,,no,1619020817,2021-04-21 16:04:17,NYSORA - Education,UCaJ9YC4Zp5Rs7JL61J1BlBQ,Education,,en,49000,974,,,0,40,https://i.ytimg.com/vi/vYBxoS7x_80/mqdefault.jpg,PH,Other
B6mO67WKztQ,other,Anesthesiologist reaction to  anesthesia challenge,no,,no,1642276630,2022-01-15 19:01:10,Max Feinstein,UCYahbWQrhma8mLv8Es9_Nxw,Science & Technology,,en-US,621458,16483,,,0,1830,https://i.ytimg.com/vi/B6mO67WKztQ/mqdefault.jpg,PH,Other
rS92lXnIIy0,other,How I Imagine IV Cannulation | #shorts #ivcannulation #anesthesiology #nurse,no,,no,1685959238,2023-06-05 10:06:38,ABCs of Anaesthesia,UCs1fy2n5Ey0c9VZRBL7UCsg,Education,en,en,2727,135,,,0,0,https://i.ytimg.com/vi/rS92lXnIIy0/mqdefault.jpg,PH,Other
x4oPdZuUSQA,other,Reverse Cannula to Take Blood | #shorts #ivcannulation #anesthesiology #nurse,no,,no,1687168847,2023-06-19 10:06:47,ABCs of Anaesthesia,UCs1fy2n5Ey0c9VZRBL7UCsg,Education,en,en,3885,51,,,0,7,https://i.ytimg.com/vi/x4oPdZuUSQA/mqdefault.jpg,PH,Other
kLXgq3gsdA0,other,Critical Inductions | ABCs of Anaesthesia Boot Camp Series,no,,no,1657630752,2022-07-12 12:07:12,ABCs of Anaesthesia,UCs1fy2n5Ey0c9VZRBL7UCsg,Education,en,en,5946,140,,,0,15,https://i.ytimg.com/vi/kLXgq3gsdA0/mqdefault.jpg,PH,Other
6nEqb-9O-jY,other,Maternal and Fetal Health Assessment Clinical Chemistry Review,no,,yes,1667710802,2022-11-06 05:11:02,Dr. A s Clinical Lab Videos,UCDNI0Nwnfs_iuarepi_c2dQ,Education,en,en-US,284,9,,,0,0,https://i.ytimg.com/vi/6nEqb-9O-jY/mqdefault.jpg,PH,Other
MAlryEnVzlM,other,Ë≠¶ÂØü„ÄÄË≠¶ÂØüÂÆò„ÇíÊÆ¥„Å£„Åü„ÇâÊäÄ„Åã„Åë„Çâ„Çå„Åüüí¶Ë≠¶ÂØüÂÆò„ÇíÊÆ¥„Çã„Å®ÂÖ¨Âü∑„Å´„Å™„Çä„Åæ„Åô„ÅÆ„ÅßÂæ°Ê≥®ÊÑè‚ö†Ô∏è#Êñ∞ÂÆø #Ë≠¶ÂØü #Ê≠åËàû‰ºéÁî∫#Ë≠¶ÂØü24ÊôÇ #Ë≠¶ÂØüÂÆò #„Éë„Éà„É≠„Éº„É´#110,no,,no,1676033085,2023-02-10 12:02:45,„ÅØ„Åü„Çâ„ÅèËªä24H,UCZyASUI1r3v4WA921Fz_OQw,Autos & Vehicles,,,8520110,54148,,,0,2780,https://i.ytimg.com/vi/MAlryEnVzlM/mqdefault.jpg,PH,Other
SPi9MfTRolY,other,Holistic Hormone Balance: Natural Solutions for Women s Health,no,,no,1690811101,2023-07-31 13:07:01,Wellness Unleashed,UCzG9eUd3Trlj9VD9KGYWYJw,People & Blogs,,,4,2,,,0,0,https://i.ytimg.com/vi/SPi9MfTRolY/mqdefault.jpg,PH,Other
LZyk1f00OxU,other,Discovering the Natural Approach to Wellness: Ayurvedic & Herbal Remedies for Personal Care in 2023,no,,no,1690482803,2023-07-27 18:07:23,Heavenly Herbals,UCcluXZp-O17fX5q0sJqNX_w,People & Blogs,,en-US,54,4,,,0,0,https://i.ytimg.com/vi/LZyk1f00OxU/mqdefault.jpg,PH,Other
_NKPNJTz64w,other,Èù¢ÁôΩ„ÅÑÈõëÂ≠¶,no,,no,1664618421,2022-10-01 10:10:21,ÈõëÂ≠¶ÁöÜ„Åï„Çì„ÅÇ„Çä„Åå„Å®„ÅÜ,UCyJx1nhLicZfeQcZymZ4LRQ,Education,,ja,5639,,,,0,4,https://i.ytimg.com/vi/_NKPNJTz64w/mqdefault.jpg,PH,Other
T02EoiN-Pe0,other,[ÈõëÂ≠¶ËÅû„ÅçÊµÅ„Åó] „Åü„ÇÅ„Å´„Å™„ÇãÈõëÂ≠¶,no,,no,1661601630,2022-08-27 12:08:30,ÈõëÂ≠¶ÁöÜ„Åï„Çì„ÅÇ„Çä„Åå„Å®„ÅÜ,UCyJx1nhLicZfeQcZymZ4LRQ,Education,,ja,9398,,,,0,12,https://i.ytimg.com/vi/T02EoiN-Pe0/mqdefault.jpg,PH,Other
TvbxvoSPE0A,other,[ÈõëÂ≠¶ËÅû„ÅçÊµÅ„Åó]„Åü„ÇÅ„Å´„Å™„ÇãÈõëÂ≠¶60ÂàÜ,no,,no,1690023652,2023-07-22 11:07:52,ÈõëÂ≠¶ÁöÜ„Åï„Çì„ÅÇ„Çä„Åå„Å®„ÅÜ,UCyJx1nhLicZfeQcZymZ4LRQ,Education,,ja,2205,,,,0,4,https://i.ytimg.com/vi/TvbxvoSPE0A/mqdefault.jpg,PH,Other
4o2kJTZTs0U,other,[ÈõëÂ≠¶ËÅû„ÅçÊµÅ„Åó]„Åü„ÇÅ„Å´„Å™„ÇãÈõëÂ≠¶,no,,yes,1680521378,2023-04-03 11:04:38,ÈõëÂ≠¶ÁöÜ„Åï„Çì„ÅÇ„Çä„Åå„Å®„ÅÜ,UCyJx1nhLicZfeQcZymZ4LRQ,Education,,ja,5972,,,,0,6,https://i.ytimg.com/vi/4o2kJTZTs0U/mqdefault.jpg,PH,Other
8NY0F0AkDjg,other,„Éï„Ç°„Ç§„Éà„Å™ÈõëÂ≠¶,no,,yes,1687168806,2023-06-19 10:06:06,ÈõëÂ≠¶ÁöÜ„Åï„Çì„ÅÇ„Çä„Åå„Å®„ÅÜ,UCyJx1nhLicZfeQcZymZ4LRQ,Education,,ja,1047,,,,0,2,https://i.ytimg.com/vi/8NY0F0AkDjg/mqdefault.jpg,PH,Other
HGJiLwH1bKg,other,Effective Treatment of Chronic Fatigue & Fibromyalgia,no,,yes,1448309097,2015-11-23 20:11:57,People in Pain Network,UC8BjHclD7geGhiKixXwdzuw,People & Blogs,,,150635,4189,,,0,703,https://i.ytimg.com/vi/HGJiLwH1bKg/mqdefault.jpg,PH,Other
hPMfjAHNpjY,other,How Long Does a Concussion Last?  and Post Concussion Syndrome,no,,no,1506000072,2017-09-21 13:09:12,Triangle TBI & Concussion Center,UCzLkOvNofSnbCXnZX6ImYvQ,People & Blogs,,en,174225,,,,0,25,https://i.ytimg.com/vi/hPMfjAHNpjY/mqdefault.jpg,PH,Other
NescXg9SXFk,other,Post-Concussion Syndrome Management,no,,yes,1478043432,2016-11-01 23:11:12,Dr. Jay Burness,UC_k6fX0pq9uJU4SUv_uHydQ,People & Blogs,,,22158,340,,,0,,https://i.ytimg.com/vi/NescXg9SXFk/mqdefault.jpg,PH,Other
wdUd-8sKdGg,other,Post Concussion Syndrome-What s wrong with me?,no,,no,1506721317,2017-09-29 21:09:57,Triangle TBI & Concussion Center,UCzLkOvNofSnbCXnZX6ImYvQ,People & Blogs,,en,113114,,,,0,25,https://i.ytimg.com/vi/wdUd-8sKdGg/mqdefault.jpg,PH,Other
9VAoh3T1tjM,other,Conquering Bowel Incontinence: Understanding  Managing  and Thriving,no,,no,1690810204,2023-07-31 13:07:04,diagnosis101,UCgGAkpYg5ifTTi91-6P_t4Q,Science & Technology,,en-GB,6,2,,,0,0,https://i.ytimg.com/vi/9VAoh3T1tjM/mqdefault.jpg,PH,Other
HBVq6CBBVyk,other,Comprehensive Metabolic Panel - CMP,no,,no,1665090267,2022-10-06 21:10:27,Dr. A s Clinical Lab Videos,UCDNI0Nwnfs_iuarepi_c2dQ,Education,en,en-US,1578,31,,,0,0,https://i.ytimg.com/vi/HBVq6CBBVyk/mqdefault.jpg,PH,Other
jIF6MuUhtLo,other,coping and defense mechanisms,no,,no,1599660699,2020-09-09 14:09:39,Kathy Mulcahy,UCRrHSKK8fjZ58d16BZkBziA,Education,,,11294,171,,,0,2,https://i.ytimg.com/vi/jIF6MuUhtLo/mqdefault.jpg,PH,Other
FOQKMiD5QJI,other,Coping With Stress - Imaginative Solutions for Stress Relief,no,,no,1287190557,2010-10-16 00:10:57,University of California Television (UCTV),UCh6KFtW4a4Ozr81GI1cxaBQ,Education,,en,457005,5295,,,0,238,https://i.ytimg.com/vi/FOQKMiD5QJI/mqdefault.jpg,PH,Other
TxFky8MTUr8,other,Dr. Tim Spector Exposes The Food Industry | Stop Eating This For Longevity | Scientifically Proven,yes,8,no,1676724954,2023-02-18 12:02:54,Brain Mood,UCkuXNqDkrXvJ7NDhsFhCzZA,People & Blogs,,en,35235,592,,,0,114,https://i.ytimg.com/vi/TxFky8MTUr8/mqdefault.jpg,PH,Other
JqCImz7akfU,other,ÊøÄÁ¥†Âπ≤ÊìæÂ®ÅËÑÖÔºöÈÅøÂÖçÊîùÂèñÈÄô‰∫îÁ®ÆÈ´òÈõåÊøÄÁ¥†È£üÁâ© ÔºàÈôÑ‰∏≠ÊñáÂ≠óÂπïÔºâÔΩúÂÅ•Â∫∑È£≤È£üÈÄ±Â†± Healthy Eating Weekly Report,yes,11,no,1687696218,2023-06-25 12:06:18,ÂÅ•Â∫∑È£≤È£üÈÄ±Â†±Healthy Eating Weekly Report,UCwHRx_O0iULrUrS-sbdTOMQ,Education,zh-Hant,zh-Hant,25,0,,,0,0,https://i.ytimg.com/vi/JqCImz7akfU/mqdefault.jpg,PH,Other
U7LPQOg1wOI,other,Leptitox Review Is it Safe and Effective - Leptitox Information and Ingredients Diet Pill Supplement,yes,13,no,1585530912,2020-03-30 01:03:12,fasho cashflow,UC0w02pCqJY04V4Ytd_rh4tA,Howto & Style,en,en,1146,0,,,0,19,https://i.ytimg.com/vi/U7LPQOg1wOI/mqdefault.jpg,PH,Other
xDvDOres_wA,other,WARNING Do NOT take Ozempic or Mounjaro until you watch this,no,,no,1684685160,2023-05-21 16:05:00,Doctor Mike Hansen,UCMSsLqxqvZsNXi0Z-VjN89A,Education,en,en,118835,2378,,,0,389,https://i.ytimg.com/vi/xDvDOres_wA/mqdefault.jpg,PH,Other
clsVrT_HDMg,other,How to Make the Ultimate Protein Smoothie? Post Workout Smoothie For Recovery - Doctor Mike Hansen,no,,no,1657392825,2022-07-09 18:07:45,Doctor Mike Hansen,UCMSsLqxqvZsNXi0Z-VjN89A,Education,en,en,39600,1453,,,0,252,https://i.ytimg.com/vi/clsVrT_HDMg/mqdefault.jpg,PH,Other
XDpmQI922N0,other,Emergency IBS Treatment for Flare-Ups to RELIEVE BLOATING  Abdominal PAIN and PELVIC FLOOR Problems,no,,no,1631991452,2021-09-18 18:09:32,Michelle Kenway,UCPQS5BOA_GLQKCc07ZCOjJg,Education,en,en,472377,7610,,,0,677,https://i.ytimg.com/vi/XDpmQI922N0/mqdefault.jpg,PH,Other
IorYfHrM5X0,other,Real Reason to Drink Olive Oil Every Day #shorts,no,,no,1681910788,2023-04-19 13:04:28,DailyHealthPost,UC6BANpmeFASZy5yoTAr8mSQ,Howto & Style,,en,8276,503,,,0,6,https://i.ytimg.com/vi/IorYfHrM5X0/mqdefault.jpg,PH,Other
8TCsWyI2xSA,other,Most Common Sign of Low Stomach Acid is...,no,,no,1609074002,2020-12-27 13:12:02,Dr. Eric Berg DC,UC3w193M5tYPJqF0Hi-7U-2g,Education,en,en,423426,13303,,,0,1153,https://i.ytimg.com/vi/8TCsWyI2xSA/mqdefault.jpg,PH,Other
iekP33DVkrM,other,What Is Splitting  What Causes It and How Does It Impact Relationships,no,,no,1689861609,2023-07-20 14:07:09,Doc Snipes,UCAE3JJi8tX7gfhZEXCUGd_A,Education,en,en,3900,253,,,0,49,https://i.ytimg.com/vi/iekP33DVkrM/mqdefault.jpg,PH,Other
H6aKwKfEk8k,other,The INSANE DIET & NUTRITION Guide To Ending Inflammation & REVERSE AGING | Dr. Steven Gundry,no,,no,1678370411,2023-03-09 14:03:11,Tom Bilyeu,UCnYMOamNKLGVlJgRUbamveA,Education,,en,1285559,16491,,,0,1735,https://i.ytimg.com/vi/H6aKwKfEk8k/mqdefault.jpg,PH,Other
3dppG0JwPag,other,Use These 7 FOOD FACTS To Heal Your BODY & MIND Today! | Mark Hyman,no,,no,1622984400,2021-06-06 13:06:00,Mark Hyman  MD,UC5IuDMmKWSsBFB0iKky6aEQ,Entertainment,,en,1935319,15638,,,0,855,https://i.ytimg.com/vi/3dppG0JwPag/mqdefault.jpg,PH,Other
hVxYJpb_4Bg,other,Unave Amirtham -  Vaazhaipoo-Manathakkali Saaru  helps to cure uterus stones | News7 Tamil,no,,no,1466145447,2016-06-17 06:06:27,News7 Tamil,UCGyZswzm4G-wEfRQHgMSAuw,Entertainment,,,51746,446,,,0,12,https://i.ytimg.com/vi/hVxYJpb_4Bg/mqdefault.jpg,PH,Other
hdG0gs5MXN8,other,Do This To Prevent From UTI and Other sex transmitted infections. #UTI #SexualTransmittedInfections,no,,no,1678357581,2023-03-09 10:03:21,The Guiding Shrink,UCay4IIz4P4KthWhc_54ar9Q,Howto & Style,en,en,19,3,,,0,4,https://i.ytimg.com/vi/hdG0gs5MXN8/mqdefault.jpg,PH,Other
AxfU3hHnAaw,other,What to do in nausea and vomiting during pregnancy,no,,no,1690630348,2023-07-29 11:07:28,Taqveem Ul Haq,UCNJYzMP5M7ysd3vYstQ-H0Q,People & Blogs,,en-US,31,3,,,0,1,https://i.ytimg.com/vi/AxfU3hHnAaw/mqdefault.jpg,PH,Other
UyqpX6wLzjY,other,Good Gut: Good Immune System | Processed Food  Microbiomes and Diet | Professor Tim Spector (Part 2),no,,no,1671827402,2022-12-23 20:12:02,How To Academy Science,UC3cHvU3uO2ZSRE4ExlS0MGg,People & Blogs,,,14771,234,,,0,5,https://i.ytimg.com/vi/UyqpX6wLzjY/mqdefault.jpg,PH,Other
7tpGWVfW_K8,other,5 Food Myths | Professor Tim Spector on Diet  Gut Health and Nutrition (Part 3),no,,no,1672431300,2022-12-30 20:12:00,How To Academy Science,UC3cHvU3uO2ZSRE4ExlS0MGg,People & Blogs,,,39824,598,,,0,75,https://i.ytimg.com/vi/7tpGWVfW_K8/mqdefault.jpg,PH,Other
J5lYGNCv7bM,other,EAT THIS TO HEAL: What To Eat & When To Eat For LONGEVITY! | Tim Spector,no,,no,1657713620,2022-07-13 12:07:20,Dr Rangan Chatterjee,UCDnwlb3IQDPJtFysPUJbDFQ,Education,en-GB,en-GB,193694,3932,,,0,290,https://i.ytimg.com/vi/J5lYGNCv7bM/mqdefault.jpg,PH,Other
pQH48I5wBtE,other,Intermittent fasting with Tim and John,no,,no,1666286437,2022-10-20 17:10:37,Dr. John Campbell,UCF9IOB2TExg3QIBupFtBDxg,Education,en-GB,en-GB,177811,6959,,,0,1295,https://i.ytimg.com/vi/pQH48I5wBtE/mqdefault.jpg,PH,Other
MZC-q4ofrLU,other,The WORST FOODS To Eat That Hurt Your Health! | Tim Spector,no,,no,1653669391,2022-05-27 16:05:31,Dr Chatterjee Clips,UC-z9rGJQllqxAM69-kfgOuQ,People & Blogs,,,64977,1144,,,0,90,https://i.ytimg.com/vi/MZC-q4ofrLU/mqdefault.jpg,PH,Other
GZ3ENNzAe0g,other,Our gut  mental health & ageing: Tim Spector  Genetic Epidemiology,no,,no,1571565732,2019-10-20 10:10:12,Weatherbys Private Bank,UCLloQk8cZEoP0ob5zVNqWOg,Nonprofits & Activism,,,30051,601,,,0,26,https://i.ytimg.com/vi/GZ3ENNzAe0g/mqdefault.jpg,PH,Other
-rwOqJmMZH4,other,Will fermented foods improve my gut health? | Sandor Katz and Professor Tim Spector,no,,no,1667217600,2022-10-31 12:10:00,ZOE,UCa09am-cOsC-FSgr_nLkFFA,Science & Technology,,en-GB,53818,1282,,,0,147,https://i.ytimg.com/vi/-rwOqJmMZH4/mqdefault.jpg,PH,Other
IomeZ9Go6ng,other,The  HEALTHY  Foods You SHOULD NOT Eat To Lose Weight & Live Longer | Tim Spector,no,,no,1680696019,2023-04-05 12:04:19,Dr Rangan Chatterjee,UCDnwlb3IQDPJtFysPUJbDFQ,Education,en-GB,en-GB,287165,3395,,,0,573,https://i.ytimg.com/vi/IomeZ9Go6ng/mqdefault.jpg,PH,Other
TBGwQp0HuDQ,other,The Face of Food Addiction: Living Through and Beyond,no,,no,1527257700,2018-05-25 14:05:00,University of California Television (UCTV),UCh6KFtW4a4Ozr81GI1cxaBQ,Education,,en,102037,1843,,,0,132,https://i.ytimg.com/vi/TBGwQp0HuDQ/mqdefault.jpg,PH,Other
Yg6UhhV_K1s,other,The INSANE BENEFITS Of Fasting & Foods You Need To STOP EATING! | Dr. Pradip Jamnadas,no,,no,1644411630,2022-02-09 13:02:30,Dr Rangan Chatterjee,UCDnwlb3IQDPJtFysPUJbDFQ,Education,en-GB,en-GB,4316894,80645,,,0,5521,https://i.ytimg.com/vi/Yg6UhhV_K1s/mqdefault.jpg,PH,Other
an6LKlx3JH8,other,Inside the Effects of Exercise: From Cellular to Psychological Benefits,no,,no,1523540705,2018-04-12 13:04:05,University of California Television (UCTV),UCh6KFtW4a4Ozr81GI1cxaBQ,Education,,en,170125,2314,,,0,60,https://i.ytimg.com/vi/an6LKlx3JH8/mqdefault.jpg,PH,Other
wGrWznkQWpE,other,How Fasting Can REVERSE AGING & Prevent Disease! (FASTING FOR SURVIVAL) | Dr. Pradip Jamnadas,no,,no,1639058416,2021-12-09 14:12:16,Dhru Purohit,UCBnLhz50WZAvsF4S72xtESA,Entertainment,,en,3768260,98369,,,0,7932,https://i.ytimg.com/vi/wGrWznkQWpE/mqdefault.jpg,PH,Other
vZMwU77KpyY,other,Intermittent Fasting HACKS To Lose Weight & REVERSE AGING | Dr. Pradip Jamnadas,no,,no,1660319073,2022-08-12 15:08:33,Dr Rangan Chatterjee,UCDnwlb3IQDPJtFysPUJbDFQ,Education,en-GB,en-GB,1446150,24750,,,0,1270,https://i.ytimg.com/vi/vZMwU77KpyY/mqdefault.jpg,PH,Other
iJowWOrPFKk,other,Nutrition Insights for People with Diabetes,no,,no,1556984700,2019-05-04 15:05:00,University of California Television (UCTV),UCh6KFtW4a4Ozr81GI1cxaBQ,Education,,en,41653,691,,,0,46,https://i.ytimg.com/vi/iJowWOrPFKk/mqdefault.jpg,PH,Other
_4vbCRRi_Fo,other,È´òÁáüÈ§äÈ´òCPË≥™Ê∞¥Êûú ÈÄÜËΩâ‰Ω†ÁöÑÁôºÁÇéÈ´îË≥™ ÂÅ•Â∫∑2.0(ÂÆåÊï¥Áâà),no,,no,1473994800,2016-09-16 03:09:00,ÂÅ•Â∫∑2.0,UCAqzHNzLTC6Vm5UYE7xw_2A,Entertainment,,zh-TW,1131394,9882,,,0,122,https://i.ytimg.com/vi/_4vbCRRi_Fo/mqdefault.jpg,PH,Other
PFTVVnlQWhg,other,ÂÅ•Â∫∑ÔºöÂ≠êÂÆÆËÇåÁò§Ë¶ÅÂ∞ëÂêÉÁöÑÂÅ•Â∫∑È£üÁâ©,no,,no,1659098850,2022-07-29 12:07:30,Âñµ‰∏Ä‰∏ã,UCOEg3mQy-3h7o1RPpmHSJBw,Howto & Style,,zh,17502,,,,0,16,https://i.ytimg.com/vi/PFTVVnlQWhg/mqdefault.jpg,PH,Other
wCTU7vcfYE4,other,„ÄêË™øÁ∂ìÈ§äËÉéÁî¢ÂæåË™øÁêÜÈ£üË≠ú„ÄëÊ°ëÂØÑÁîüËìÆÂ≠êËõãËå∂Ôºà10‰∫∫ÂàÜÈáèÔºâÂÆ∂Â∫≠È§äÁîüÈ£üË≠ú,no,,no,1688704731,2023-07-07 04:07:51,ÁõßÂ§™Â§™‰∏äÂ•∂ÊπØÊ∞¥,UC6cyW9A3IPax5YLf5svsWIA,People & Blogs,,zh-HK,3051,43,,,0,0,https://i.ytimg.com/vi/wCTU7vcfYE4/mqdefault.jpg,PH,Other
Z7tGirxU41E,other,Â•≥ÊÄßÂøÖÈ°ªÁü•ÈÅìÁöÑ5ÁßçÂ§©ÁÑ∂ÈõåÊøÄÁ¥†ËÆ©‰Ω†Ë∂äÂêÉË∂äÂπ¥ËΩªüëçÂª∫ËÆÆÂÖàÊî∂ËóèÂÜçËßÇÁúã/ÈõåÊøÄÁ¥†È£üÁâ©/ÈõåÊøÄÁ¥†Ë°•ÂÖÖ/Â•≥ÊÄßÊäóË°∞ËÄÅÊñπÊ≥ï/ÊäóË°∞ËÄÅÈ£üÁâ©,no,,no,1661586537,2022-08-27 07:08:57,Zen Diet,UC5Ax0oCq7YPhkWWgWnUULww,Howto & Style,,zh,2794,47,,,0,7,https://i.ytimg.com/vi/Z7tGirxU41E/mqdefault.jpg,PH,Other
dTEh0KWNKw4,other,#shorts Êì∫ËÑ´ËÖ∏ÊºèÁóáÁöÑÂà©Âô®Ôºö10Ê¨æÈ£üÁâ©Âä©‰Ω†ÈáçÂª∫ËÖ∏ÈÅìÂÅ•Â∫∑ ÔºàÈôÑ‰∏≠ÊñáÂ≠óÂπïÔºâÔΩúÂÅ•Â∫∑È£≤È£üÈÄ±Â†± Healthy Eating Weekly Report,no,,no,1687962621,2023-06-28 14:06:21,ÂÅ•Â∫∑È£≤È£üÈÄ±Â†±Healthy Eating Weekly Report,UCwHRx_O0iULrUrS-sbdTOMQ,Education,zh-Hant,zh-Hant,187,3,,,0,0,https://i.ytimg.com/vi/dTEh0KWNKw4/mqdefault.jpg,PH,Other
tk61FJ_5dTo,other,#shorts Êé¢Á¥¢Ëá≠Ë±ÜËÖêÁöÑÁßòÂØÜÔºöËÆì‰Ω†ÊÑèÊÉ≥‰∏çÂà∞ÁöÑË∫´È´îÁõäËôï ÔºàÈôÑ‰∏≠ÊñáÂ≠óÂπïÔºâÔΩúÂÅ•Â∫∑È£≤È£üÈÄ±Â†± Healthy Eating Weekly Report,no,,no,1688135419,2023-06-30 14:06:19,ÂÅ•Â∫∑È£≤È£üÈÄ±Â†±Healthy Eating Weekly Report,UCwHRx_O0iULrUrS-sbdTOMQ,Education,zh-Hant,zh-Hant,37,1,,,0,0,https://i.ytimg.com/vi/tk61FJ_5dTo/mqdefault.jpg,PH,Other
1TNEPJhrDro,other,1Áßç‰∏ñÁïåÂÖ¨ËÆ§ÁöÑÊ≤πÊòØÂøÉËÑëË°ÄÁÆ°ÁóÖÁöÑÂÖãÊòüÔºÅË°ÄÁÆ°ÊñëÂùóË∂äÂêÉË∂äÂ∞ëÔºåË°ÄÁÆ°Ë∂äÂêÉË∂äÂπ≤ÂáÄ! | ÂÅ•Â∫∑Â∞èËåâ,no,,no,1689774768,2023-07-19 13:07:48,JianKangXiaoMo,UCl0UQhcMBqX4I1rXPcrI4KA,Howto & Style,zh,zh,717,13,,,0,3,https://i.ytimg.com/vi/1TNEPJhrDro/mqdefault.jpg,PH,Other
5ZkfyezDel4,other,ÊÉ≥Ë¶ÅÈÅ†Èõ¢‰∏≠È¢®Ôºå‰Ω†Ë¶ÅÁü•ÈÅìÈ£≤È£ü‰∏≠ÁöÑÁ∂≠ÁîüÁ¥†„ÄÅÁ§¶Áâ©Ë≥™„ÄÅÈ≠öÊ≤π„ÄÅomega-3„ÄÅÂíñÂï°Âõ†„ÄÅÈÖíÁ≤æ„ÄÅËå∂Ëëâ„ÄÅÊ∑ªÂä†Âäë„ÄÅÈò≤ËÖêÂäëÂ∞ç‰∏≠È¢®ÁöÑÂΩ±Èüø,no,,no,1690655249,2023-07-29 18:07:29,ÂÅ•Â∫∑ÁöÑÁîüÂëΩ‰πãËä±,UCA2HH50Yr8oQt_TtUksXXXw,Education,,zh-Hans,280,4,,,0,0,https://i.ytimg.com/vi/5ZkfyezDel4/mqdefault.jpg,PH,Other
4MCfqv2zq0Y,other,ÁóõÈ¢®ÊäóÊà∞Ë®àÁï´ÔºöÊé¢Á¥¢Ëá™ÁÑ∂ÁôÇÊ≥ïÁöÑÂ•áËπüÔºàÈôÑ‰∏≠ÊñáÂ≠óÂπïÔºâÔΩúÂÅ•Â∫∑È£≤È£üÈÄ±Â†± Healthy Eating Weekly Report,no,,no,1687782602,2023-06-26 12:06:02,ÂÅ•Â∫∑È£≤È£üÈÄ±Â†±Healthy Eating Weekly Report,UCwHRx_O0iULrUrS-sbdTOMQ,Education,zh-Hant,zh-Hant,30,1,,,0,0,https://i.ytimg.com/vi/4MCfqv2zq0Y/mqdefault.jpg,PH,Other
YDkSfm-AIKA,other,‰∫îÊ¨æËå∂Ê∞®ÈÖ∏Ë±êÂØåÁöÑÂÅ•Â∫∑Ëå∂È£≤ÔºåËºïÈ¨ÜÈ§äÁîüÂèàÁæéÂë≥ÔºÅÔºàÈôÑ‰∏≠ÊñáÂ≠óÂπïÔºâÔΩúÂÅ•Â∫∑È£≤È£üÈÄ±Â†±HealthyEatingWeeklyReport,no,,no,1688560230,2023-07-05 12:07:30,ÂÅ•Â∫∑È£≤È£üÈÄ±Â†±Healthy Eating Weekly Report,UCwHRx_O0iULrUrS-sbdTOMQ,Education,zh-Hant,zh-Hant,49,1,,,0,0,https://i.ytimg.com/vi/YDkSfm-AIKA/mqdefault.jpg,PH,Other
wlLBMbB7LQ8,other,Â§èÊó•ÂøÖÂÇôÔºÅÈ§äÁîüÁ∂†Ë±ÜÊπØÔºåÊ∏ÖÁÜ±Ëß£ÊöëÔºåËÆì‰Ω†‰∏ÄÂ§èËàíÁàΩ | Tefal ÁâπÁ¶èËê¨Áî®Èçã#12,no,,no,1685096103,2023-05-26 10:05:03,‰∏ªÂ©¶ÈßïÈ¶≠‰∫∫Áîü,UC_3IpCEewOXv8KtxoHAwy3Q,Howto & Style,,,2176,20,,,0,0,https://i.ytimg.com/vi/wlLBMbB7LQ8/mqdefault.jpg,PH,Other
8GNjK9s4FB4,other,„Éà„Ç´„Ç≤„ÅÆÊÇ™È≠î„Å®Â•ëÁ¥Ñ„Åó„Å¶„Ç¥„Ç≠„Éñ„É™ÈßÜÈô§,no,,no,1669888805,2022-12-01 10:12:05,Áç£ÂåªÂ≠¶Áîü„Éí„Éá„ÅÆ„Éù„É≥„Ç≥„ÉÑÊó•Ë®ò,UCZv9kDKZhGl6HphEI9br5CQ,Pets & Animals,,ja,6265087,211837,,,0,4082,https://i.ytimg.com/vi/8GNjK9s4FB4/mqdefault.jpg,PH,Other
xabXDGpp8Uc,other,„Ç™„Ç™„Ç´„Éû„Ç≠„É™„Å´„Ç™„Ç™„Çπ„Ç∫„É°„Éê„ÉÅ„Çí‰∏é„Åà„Å¶„Åø„ÅüÔºÅ,no,,no,1540597638,2018-10-26 23:10:18,„Å∏„Å£„ÅΩ„ÅìÊé¢Ê§úÈöä,UCxqwVJBxfpy2AQpqufccFKw,Entertainment,,,823595,834,,,0,232,https://i.ytimg.com/vi/xabXDGpp8Uc/mqdefault.jpg,PH,Other
TGckVkdh5Rc,other,Fortnite But Every Elim = BETTER Keyboard,no,,no,1690995625,2023-08-02 17:08:25,Lachlan,UCh7EqOZt7EvO2osuKbIlpGg,Gaming,,en,341182,11759,,,0,297,https://i.ytimg.com/vi/TGckVkdh5Rc/mqdefault.jpg,PH,Other
TQo51fdu_jo,other,Keith Eats Everything At Jersey Mike s,no,,no,1690988433,2023-08-02 15:08:33,The Try Guys,UCpi8TJfiA4lKGkaXs__YdBA,Comedy,en,en,412587,15630,,,0,1234,https://i.ytimg.com/vi/TQo51fdu_jo/mqdefault.jpg,PH,Other
iiFCRWcDfGA,other,M.E. is more than Fatigue -20 symptoms people deal with ‚≠êÔ∏èMust Watch‚≠êÔ∏è,no,,no,1667311233,2022-11-01 14:11:33,Fight4 ME,UCf4_KYyPtTp8bix8u5I8MdA,Film & Animation,,,20578,1285,,,0,459,https://i.ytimg.com/vi/iiFCRWcDfGA/mqdefault.jpg,PH,Other
OnW2POUMitI,other,PART 2: ZOE Review (And Why I Quit),no,,no,1627081741,2021-07-23 23:07:01,healthHackers,UC3_EeJJ3ZHTQikmKhlnPmDg,Howto & Style,,en-US,61235,1959,,,0,117,https://i.ytimg.com/vi/OnW2POUMitI/mqdefault.jpg,PH,Other
VKWvShMPRcI,other,„Åö„Å£„Å®Â≠§Áã¨„Å™Â•≥ÁéãËúÇ,no,,no,1434094080,2015-06-12 07:06:00,196710noby,UC7v87TaDpvHaY1aNlDGsFaA,Pets & Animals,ja,,2356039,13428,,,0,1013,https://i.ytimg.com/vi/VKWvShMPRcI/mqdefault.jpg,PH,Other
VqFwo4g_X7g,other,This Winter Is Going To be VERY Different‚Ä¶,no,,no,1690920790,2023-08-01 20:08:10,Ryan Hall  Y all,UCJHAT3Uvv-g3I8H3GhHWV7w,Entertainment,en-US,en-US,1927183,60857,,,0,4083,https://i.ytimg.com/vi/VqFwo4g_X7g/mqdefault.jpg,PH,Other
z83hEX0cCr4,other,I don‚Äôt think i‚Äôm alone here‚Ä¶,no,,no,1690905643,2023-08-01 16:08:43,jacksepticeye,UCYzPXprvl5Y-Sf0g4vX-m6g,Gaming,,en,983230,76384,,,0,5661,https://i.ytimg.com/vi/z83hEX0cCr4/mqdefault.jpg,PH,Other
KW64FiB0ITg,other,I Spent A Week Alone In The Metaverse,no,,no,1690910731,2023-08-01 17:08:31,Jarvis Johnson,UCoLUji8TYrgDy74_iiazvYA,Comedy,,en,699068,52877,,,0,3160,https://i.ytimg.com/vi/KW64FiB0ITg/mqdefault.jpg,PH,Other
kcnGmKi3xms,other,Top 10 Best Sweeteners & 10 Worst (Ultimate Guide),yes,4,no,1618568280,2021-04-16 10:04:00,Dr. Sten Ekberg,UCIe2pR6PE0dae9BunJ38F7w,Education,en,en,1464869,64389,,,0,3400,https://i.ytimg.com/vi/kcnGmKi3xms/mqdefault.jpg,PH,Other
iP9Em4Boaoo,other,6 WORST Foods for Arthritis that will Cause Joint Pain the Most - AVOID!,no,,no,1681045022,2023-04-09 12:04:02,DailyHealthPost,UC6BANpmeFASZy5yoTAr8mSQ,Howto & Style,,en,468130,6944,,,0,127,https://i.ytimg.com/vi/iP9Em4Boaoo/mqdefault.jpg,PH,Other
15K8x9AFZMY,other,Top 10 Foods that Stop Cancer #shorts,no,,no,1682428375,2023-04-25 13:04:55,DailyHealthPost,UC6BANpmeFASZy5yoTAr8mSQ,Howto & Style,,en,10962,800,,,0,6,https://i.ytimg.com/vi/15K8x9AFZMY/mqdefault.jpg,PH,Other
Lv91Blt-eGc,other,Top 10 Ways to Increase Blood Flow to Legs and Feet  NO Exercises!,no,,no,1689512318,2023-07-16 12:07:38,DailyHealthPost,UC6BANpmeFASZy5yoTAr8mSQ,Howto & Style,,en,74385,1523,,,0,31,https://i.ytimg.com/vi/Lv91Blt-eGc/mqdefault.jpg,PH,Other
a5gBFCVYmgI,other,Top 10 Secrets To Reverse Insulin Resistance Naturally,no,,no,1662113700,2022-09-02 10:09:00,Dr. Sten Ekberg,UCIe2pR6PE0dae9BunJ38F7w,Education,en,en,953932,37598,,,0,1786,https://i.ytimg.com/vi/a5gBFCVYmgI/mqdefault.jpg,PH,Other
9nAoKMw0kQA,other,Top 10 Common Foods You re Eating Wrong!,no,,no,1660299300,2022-08-12 10:08:00,Dr. Sten Ekberg,UCIe2pR6PE0dae9BunJ38F7w,Education,en,en,2286428,64729,,,0,3109,https://i.ytimg.com/vi/9nAoKMw0kQA/mqdefault.jpg,PH,Other
qtQQOkPb1GM,other,Top 10 Worst Foods Doctors Tell You To Eat,no,,no,1603448280,2020-10-23 10:10:00,Dr. Sten Ekberg,UCIe2pR6PE0dae9BunJ38F7w,Education,en,en,1128183,40181,,,0,2947,https://i.ytimg.com/vi/qtQQOkPb1GM/mqdefault.jpg,PH,Other
Sm-MwIZf9Q4,other,Top 10 Tips for Recovering Well After Spine Surgery,no,,no,1578324142,2020-01-06 15:01:22,MedStar Health,UC0aBuqqUobPX8oW8whmX2_g,Nonprofits & Activism,,en,136269,1552,,,0,268,https://i.ytimg.com/vi/Sm-MwIZf9Q4/mqdefault.jpg,PH,Other
IaSpas9hWNQ,other,10 Common Mental Illnesses Crash Course,no,,no,1589023293,2020-05-09 11:05:33,Psych2Go,UCkJEpR7JmS36tajD34Gp4VA,Education,en,en-GB,3720374,134368,,,0,8332,https://i.ytimg.com/vi/IaSpas9hWNQ/mqdefault.jpg,PH,Other
_gTVVzp07sQ,other,Metabolic Syndrome like never before,no,,no,1651592701,2022-05-03 15:05:01,Doctor Mike Hansen,UCMSsLqxqvZsNXi0Z-VjN89A,Education,en,en,178997,9980,,,0,723,https://i.ytimg.com/vi/_gTVVzp07sQ/mqdefault.jpg,PH,Other
6qXSWYZj-cc,other,POTS: The Quest to Find An Underlying Cause - Dr. Blair Grubb,no,,yes,1596443036,2020-08-03 08:08:56,Dysautonomia International,UCO5M4DiVydA_cgNAlslUwNw,People & Blogs,,en,5659,186,,,0,,https://i.ytimg.com/vi/6qXSWYZj-cc/mqdefault.jpg,PH,Other
i1_TFCJUO5g,other,POTS: The Remarkable condition,no,,no,1629656178,2021-08-22 18:08:18,York Cardiology,UCxtbUzEzRpX1B9sGbRudG6g,Education,,en-GB,18967,1287,,,0,230,https://i.ytimg.com/vi/i1_TFCJUO5g/mqdefault.jpg,PH,Other
55M6ANCAdT8,other,POTS- The types and treatments,no,,no,1648055330,2022-03-23 17:03:50,The Chronic Notebook,UCQSvzfJCEtJmhV7xqcahInw,People & Blogs,en,en,1969,74,,,0,15,https://i.ytimg.com/vi/55M6ANCAdT8/mqdefault.jpg,PH,Other
T3tIt1ebNMU,other,Facts about Depo Shot,no,,no,1690038974,2023-07-22 15:07:14,Hudsons Journey,UCPPOKRVcBvSu7kGW6c882ww,Education,,en,1,1,,,0,0,https://i.ytimg.com/vi/T3tIt1ebNMU/mqdefault.jpg,PH,Other
T9itC1_6D3s,other,Obstetric Anaesthesia: worst case scenario,no,,no,1602368363,2020-10-10 22:10:23,ABCs of Anaesthesia,UCs1fy2n5Ey0c9VZRBL7UCsg,Education,,en,5638,101,,,0,12,https://i.ytimg.com/vi/T9itC1_6D3s/mqdefault.jpg,PH,Other
t1eX66pp_j0,other,„Éñ„É©„ÉÉ„ÇØ„Éõ„Éº„É´„ÄÄÂÆüÈ®ì,no,,no,1620176452,2021-05-05 01:05:52,YS HA,UClTaXaL6f7QhAJ7cDN2Yjag,Music,,,51355,632,,,0,37,https://i.ytimg.com/vi/t1eX66pp_j0/mqdefault.jpg,PH,Other
DgIfAaDlWO0,other,La verdad detr√°s del pl√°stico | Sergio Izquierdo | TEDxUVG,no,,no,1448480998,2015-11-25 19:11:58,TEDx Talks,UCsT0YIqwnpJCM-mx7-gSA4Q,Nonprofits & Activism,,,123113,2685,,,0,95,https://i.ytimg.com/vi/DgIfAaDlWO0/mqdefault.jpg,PH,Other
3T8q8Ao9xDs,other,Study Shows Phthalates Found in Many Daily-Use Items,no,,yes,1636289988,2021-11-07 12:11:48,NowThis Earth,UCFH5dQAkGIqzcFYmM4tNtXw,Science & Technology,,en,47373,968,,,0,85,https://i.ytimg.com/vi/3T8q8Ao9xDs/mqdefault.jpg,PH,Other
VSPpKrGbNUM,other,Plastic eating enzymes just got even better! New breakthrough.,no,,no,1650819630,2022-04-24 17:04:30,Just Have a Think,UCRBwLPbXGsI2cJe9W1zfSjQ,People & Blogs,,en,166680,12823,,,0,880,https://i.ytimg.com/vi/VSPpKrGbNUM/mqdefault.jpg,PH,Other
SRDUQWJgnn0,other,BPA Free Plastic: Why It Does NOT Protect You | Harvard Professor Joseph Allen,no,,no,1611417074,2021-01-23 15:01:14,MedCram Clips,UCsR06Qx_cG-gZudSJZUkDnw,People & Blogs,en,en,17590,513,,,0,87,https://i.ytimg.com/vi/SRDUQWJgnn0/mqdefault.jpg,PH,Other
HAIXiCDuEWI,other,How To Clean Your Air Conditioner Condenser,no,,no,1628424006,2021-08-08 12:08:06,HouseImprovements,UCpJ1vJPFqImom-NN2fkBS0A,Howto & Style,en,en,2081759,46470,,,0,1568,https://i.ytimg.com/vi/HAIXiCDuEWI/mqdefault.jpg,PH,Other
49OJoTsZYO0,other,Microplastics explained (explainity¬Æ explainer video),no,,no,1552920510,2019-03-18 14:03:30,explainitychannel,UCOo8aKrwtWmlLUEpatJ2nyg,Education,en,en,59926,974,,,0,36,https://i.ytimg.com/vi/49OJoTsZYO0/mqdefault.jpg,PH,Other
Y5BeWdODPqo,other,JAILER - Official ShowCase | Superstar Rajinikanth | Sun Pictures | Anirudh | Nelson,no,,no,1690979401,2023-08-02 12:08:01,Sun TV,UCBnxEdpoZwstJqC1yZpOjRA,Entertainment,en,ta,10588144,641089,,,0,27032,https://i.ytimg.com/vi/Y5BeWdODPqo/mqdefault.jpg,PH,Other
cz4V4W6ntGc,other,What is Xylitol? ‚Äì Dr. Berg,no,,yes,1530009254,2018-06-26 10:06:14,Dr. Eric Berg DC,UC3w193M5tYPJqF0Hi-7U-2g,Education,,en,206086,4678,,,0,419,https://i.ytimg.com/vi/cz4V4W6ntGc/mqdefault.jpg,PH,Other
B9RruLkAUm8,other,Your Gut Microbiome: The Most Important Organ You‚Äôve Never Heard Of | Erika Ebbel Angle | TEDxFargo,no,,no,1576164112,2019-12-12 15:12:52,TEDx Talks,UCsT0YIqwnpJCM-mx7-gSA4Q,Nonprofits & Activism,,en,1776705,42802,,,0,1381,https://i.ytimg.com/vi/B9RruLkAUm8/mqdefault.jpg,PH,Other
DkS1pkKpILY,other,What Alcohol Does to Your Body  Brain & Health | Huberman Lab Podcast #86,no,,no,1661169608,2022-08-22 12:08:08,Andrew Huberman,UC2D2CMWXMOVWx7giW1n3LIg,Science & Technology,en,en,4566472,97490,,,0,9114,https://i.ytimg.com/vi/DkS1pkKpILY/mqdefault.jpg,PH,Other
zljh2f-7-ww,other,„Äê„ÇÜ„Å£„Åè„ÇäËß£Ë™¨„Äë‰∏ñÁïåÊúÄÂº±„ÅÆËô´„Äå„Ç¨„Ç¨„É≥„Éú„Äç„ÅÆÁîü„ÅçÊñπÔºÅ,no,,no,1653965940,2022-05-31 02:05:00,„ÇÜ„Å£„Åè„ÇäÁîüÁâ© Á™ÅÊíÉÈöä 0Âè∑,UC2vZavjmWK1v41KsRAREt1Q,People & Blogs,,,575513,7858,,,0,1171,https://i.ytimg.com/vi/zljh2f-7-ww/mqdefault.jpg,PH,Other
oSf1AsBwz5c,other,YEGUA FINA,no,,no,1664290587,2022-09-27 14:09:27,Producciones Valenzuela,UCzZR9m1tW5tU5nXs--oAIwA,Music,,,70077244,349708,,,0,1013,https://i.ytimg.com/vi/oSf1AsBwz5c/mqdefault.jpg,PH,Other
SDfTSqfZDjY,other,„Äê„ÇÜ„Å£„Åè„ÇäËß£Ë™¨„Äë„Ç´„Ç®„É´„Å´ÂØÑÁîü„Åô„Çã„Å®„Çì„Åß„ÇÇ„Å™„ÅÑÂØÑÁîüËô´„Åü„Å°ÔºÅ,no,,no,1656471540,2022-06-29 02:06:00,„ÇÜ„Å£„Åè„ÇäÁîüÁâ© Á™ÅÊíÉÈöä 0Âè∑,UC2vZavjmWK1v41KsRAREt1Q,People & Blogs,,,111104,1300,,,0,105,https://i.ytimg.com/vi/SDfTSqfZDjY/mqdefault.jpg,PH,Other
dArFfvM9hLE,other,Symptoms of Chronic Fatigue Syndrome and Persistent Fatigue,yes,3,no,1630684202,2021-09-03 15:09:02,Doc Snipes,UCAE3JJi8tX7gfhZEXCUGd_A,Education,en,en,94084,2130,,,0,462,https://i.ytimg.com/vi/dArFfvM9hLE/mqdefault.jpg,PH,Other
D75Tf7r92oY,other,Post-Exertional Malaise (PEM),no,,no,1660532410,2022-08-15 03:08:10,Bateman Horne Center,UCjdso7oUeJT90mL0PdHr0vQ,Education,en,en-US,16296,553,,,0,71,https://i.ytimg.com/vi/D75Tf7r92oY/mqdefault.jpg,PH,Other
Guns-xzoaVc,other,9 Signs You have Untreated Depression,no,,no,1601431823,2020-09-30 02:09:23,Psych2Go,UCkJEpR7JmS36tajD34Gp4VA,Education,en,en-GB,1441333,60074,,,0,4412,https://i.ytimg.com/vi/Guns-xzoaVc/mqdefault.jpg,PH,Other
GoYUVk1EYhA,other,Oppositional Defiant  Conduct and Intermittent Explosive Disorder a Trauma Informed Perspective,no,,no,1690992009,2023-08-02 16:08:09,Doc Snipes,UCAE3JJi8tX7gfhZEXCUGd_A,Education,en,en,1557,109,,,0,13,https://i.ytimg.com/vi/GoYUVk1EYhA/mqdefault.jpg,PH,Other
Y5YNObhpmEc,other,Low progesterone symptoms: How your menstrual cycle hormones may be causing anxiety and depression,no,,no,1552529300,2019-03-14 02:03:20,Dr Janelle Sinclair,UCKV4zHO9ImKYRahFXHmcoxw,People & Blogs,,en,89062,1657,,,0,343,https://i.ytimg.com/vi/Y5YNObhpmEc/mqdefault.jpg,PH,Other
fIU9Jro2eUA,other,6 Signs of Borderline Personality Disorder | What is BPD?,no,,no,1660680013,2022-08-16 20:08:13,Doc Snipes,UCAE3JJi8tX7gfhZEXCUGd_A,Education,en,en,57441,1925,,,0,323,https://i.ytimg.com/vi/fIU9Jro2eUA/mqdefault.jpg,PH,Other
tJQRsIbD110,other,Depression Explained (Major Depressive Disorder),no,,no,1658250037,2022-07-19 17:07:37,Rhesus Medicine,UCRks8wB6vgz0E7buP0L_5RQ,Education,,,102737,1437,,,0,133,https://i.ytimg.com/vi/tJQRsIbD110/mqdefault.jpg,PH,Other
UjYLCdFLSqw,other,Mental Health: Schizophrenia,no,,no,1609434024,2020-12-31 17:12:24,Nexus Nursing,UCjK0JEIipVfy1dyalzqKC1w,Education,,,48459,2924,,,0,113,https://i.ytimg.com/vi/UjYLCdFLSqw/mqdefault.jpg,PH,Other
9D-utcIogU4,other,Psychiatric Disorders: Schizophrenia  Depression  Mania  and Anxiety,no,,no,1580230281,2020-01-28 16:01:21,Professor Dave Explains,UC0cd_-e49hZpWLH3UIwoWRA,Education,,en,70074,1683,,,0,104,https://i.ytimg.com/vi/9D-utcIogU4/mqdefault.jpg,PH,Other
uLGA3zLuRO4,other,Is Monk Fruit The Most Promising Sweetener of 2023 | Benefits and Safety Profile,no,,yes,1671714035,2022-12-22 13:12:35,Leonid Kim MD,UCoMd8Ykj0UUZ0AFX6Ic7LMQ,Education,en-US,en-US,35628,1141,,,0,135,https://i.ytimg.com/vi/uLGA3zLuRO4/mqdefault.jpg,PH,Other
xfRQAsP0GYw,other,Èò≤Êó©Ê¥©„ÄåÊåÅ‰πÖÁ°¨Ê¢ÜÊ¢Ü„ÄçÔºÅÂ•≥Á•ûËÄÅÂ∏´Ë¶™Êéà‰∏ÄÂãï‰ΩúÊêûÂÆö @setn @77boss,no,,no,1567000541,2019-08-28 13:08:41,‰∏âÁ´ãÊñ∞ËÅûÁ∂≤SETN,UCIU8ha-NHmLjtUwU7dFiXUA,People & Blogs,,,5487987,37544,,,0,731,https://i.ytimg.com/vi/xfRQAsP0GYw/mqdefault.jpg,PH,Other
-9ypTzOhVQE,other,ÂóΩÂòéÈ∫ªÂ∞á | 23/08/3 ÁâßÁâß ÁæäËÇâ Â¶ñÊÄ™ ËìÅË±™,no,,no,1691060497,2023-08-03 11:08:37,ÂóΩÂòéÈ∫ªÂ∞á,UCZbBoCnZngN2R6GTsYVP74w,Gaming,zh,zh-TW,4276,104,,,0,0,https://i.ytimg.com/vi/-9ypTzOhVQE/mqdefault.jpg,PH,Other
paNCdSCyQCU,other,Golden Buzzer: Gabriel Henrique s impressive high notes STUN Sofia Vergara | Auditions | AGT 2023,no,,no,1690937357,2023-08-02 00:08:17,America s Got Talent,UCT2X19JJaJGUN7mrYuImANQ,Entertainment,,en-US,2592584,111599,,,0,17028,https://i.ytimg.com/vi/paNCdSCyQCU/mqdefault.jpg,PH,Other
dug56u8NN7g,other,Marvel Studios‚Äô Loki Season 2 | Official Trailer | Disney+,no,,no,1690808424,2023-07-31 13:07:24,Marvel Entertainment,UCvC4D8onUfXzvjTOM-dBfEA,Entertainment,,en,11484627,495298,,,0,18884,https://i.ytimg.com/vi/dug56u8NN7g/mqdefault.jpg,PH,Other
MiUGFvqKQyY,other,ŸÅŸàÿßÿ¶ÿØ ÿπÿ¥ÿ®ÿ© ŸÉŸÅ ŸÖÿ±ŸäŸÖ Ÿàÿ∑ÿ±ŸäŸÇÿ© ÿßÿ≥ÿ™ÿÆÿØÿßŸÖŸáÿß | ÿßŸÑÿØŸÉÿ™Ÿàÿ± ÿ£ŸÖŸäÿ± ÿµÿßŸÑÿ≠,no,,no,1493825543,2017-05-03 15:05:23,Dr Amir Saleh,UC5V9vEtL9IRgPjSUhJw1kMA,Howto & Style,,ar,183244,2311,,,0,77,https://i.ytimg.com/vi/MiUGFvqKQyY/mqdefault.jpg,PH,Other
An5fqLnAssM,other,12 SIMPLE WAYS TO MANAGE MENSTRUAL CRAMPS | HOW TO RELIEF PERIOD PAIN,no,,no,1689858027,2023-07-20 13:07:27,DIY Herbalist,UCm5Zb7cFFzDm9Ym3t1yY9_A,People & Blogs,,,28,0,,,0,1,https://i.ytimg.com/vi/An5fqLnAssM/mqdefault.jpg,PH,Other